{"type":"FeatureCollection","features":[{"type":"Feature","geometry":{"type":"Polygon","coordinates":[[[124.85265383000001,6.4499528070000451],[124.84527747600009,6.4603256730000567],[124.84152458700009,6.4562413450000236],[124.83176762300002,6.4513380870000674],[124.83022745000005,6.449912002000076],[124.82891545200005,6.4487140900000668],[124.82691600500004,6.4449863010000286],[124.84500280900011,6.4196991530000673],[124.84772588300007,6.421918503000029],[124.86028217000012,6.435431746000063],[124.85945251400005,6.4408280610000475],[124.85886420700001,6.444035288000066],[124.85265383000001,6.4499528070000451]]]},"properties":{"brgy_name":"Assumption (Bulol)","brgy_code":"126306001","city_name":"City of Koronadal","prov_name":"South Cotabato","psgc_10d":"1206306001"}},{"type":"Feature","geometry":{"type":"Polygon","coordinates":[[[124.88837184700003,6.5346867060000591],[124.88824631800003,6.5362224090000609],[124.88812311000004,6.5379753300000516],[124.88747906600008,6.5394594320000579],[124.88600056400003,6.5423660320000749],[124.88442612900008,6.5454130630000691],[124.88608644100009,6.5461994680000544],[124.88694421800005,6.5466085460000727],[124.88388306000002,6.551315230000057],[124.88128781900002,6.5552898320000281],[124.87063302600006,6.5481008100000508],[124.87061343900007,6.5480844450000291],[124.86848534100011,6.5463064680000684],[124.86571164500003,6.5435828930000639],[124.86005515700003,6.5380286190000447],[124.86833459900004,6.530833072000064],[124.87555561400006,6.5167175090000455],[124.87613925000005,6.5173957670000391],[124.87729876100002,6.5181754380000712],[124.87839163300009,6.5187551940000503],[124.87958446300001,6.5193815960000734],[124.8806306890001,6.5199413600000753],[124.8818635020001,6.5210075770000344],[124.88200202300004,6.521071437000046],[124.88478227100006,6.5229734140000346],[124.88593511800002,6.524432799000067],[124.88650154600009,6.5252191340000536],[124.88781432500002,6.5271316610000554],[124.88860066000007,6.5282578520000243],[124.88868729000001,6.5285110790000545],[124.88888548600005,6.5287720080000327],[124.88869995000005,6.5308124370000655],[124.88851513700001,6.5330413900000508],[124.88840312900004,6.5342678750000687],[124.88837187700005,6.5346862600000577],[124.88837184700003,6.5346867060000591]]]},"properties":{"brgy_name":"Avanceña (Bo. 3)","brgy_code":"126306002","city_name":"City of Koronadal","prov_name":"South Cotabato","psgc_10d":"1206306002"}},{"type":"Feature","geometry":{"type":"Polygon","coordinates":[[[124.98983452400012,6.5398533950000228],[124.96562704400003,6.5547061940000617],[124.95588915200005,6.5460071240000275],[124.92619233100004,6.519478308000032],[124.92487456000003,6.5183007840000755],[124.92372674300009,6.5172758390000354],[124.92677784500006,6.5150956600000427],[124.92234959100006,6.5094159570000443],[124.92843106700002,6.5052966150000202],[124.93029599500005,6.5038797170000748],[124.93127606200005,6.503179669000076],[124.93280496800003,6.5021435980000319],[124.93342661000008,6.5017515710000566],[124.93564996300006,6.5001778620000437],[124.93857896500003,6.4981337220000341],[124.93988385500006,6.4972432600000616],[124.93997346100002,6.4966384190000213],[124.94018067500008,6.4968848360000493],[124.94029268300005,6.4972320600000444],[124.94478002100004,6.5002532020000672],[124.96702258400012,6.501791593000064],[124.97040743500008,6.5012968530000421],[124.98470680000003,6.5315497560000608],[124.98658362200001,6.5313877490000323],[124.99015086200006,6.5313585090000288],[124.99004765800009,6.5341299280000271],[124.98983452400012,6.5398533950000228]]]},"properties":{"brgy_name":"Cacub","brgy_code":"126306003","city_name":"City of Koronadal","prov_name":"South Cotabato","psgc_10d":"1206306003"}},{"type":"Feature","geometry":{"type":"Polygon","coordinates":[[[124.85411005900005,6.5223458460000643],[124.85374798700002,6.522475145000044],[124.85344594700007,6.522632796000039],[124.85326644200006,6.5227439420000337],[124.85317233800004,6.5228229180000312],[124.85308171600002,6.5229244890000473],[124.85298833900004,6.5230546270000218],[124.85285445400007,6.5232807620000699],[124.85277804600003,6.5234889820000603],[124.85267809600009,6.5237805280000316],[124.85259896800005,6.5240891190000525],[124.8525496630001,6.524364065000043],[124.85253591300011,6.5245775020000565],[124.8525521790001,6.5247723450000308],[124.85263124500011,6.5250674900000263],[124.85275253500004,6.5253405620000535],[124.8529448060001,6.5257339330000264],[124.85316371200008,6.5260972170000286],[124.85326711800008,6.526339169000039],[124.85331644400003,6.5265278750000562],[124.85334528100009,6.5267418450000605],[124.85334684200006,6.526951878000034],[124.85331529600012,6.5271522090000644],[124.85323232300004,6.5273920670000507],[124.85307555100007,6.5275887500000636],[124.85291912300011,6.5276975720000223],[124.85269225000002,6.5278057490000378],[124.85235722300001,6.5280144150000297],[124.85204297100006,6.5282453990000704],[124.85176049900008,6.5284417210000356],[124.85133688000008,6.5286639040000409],[124.85050538500002,6.5290340090000427],[124.84997597400002,6.5293005640000388],[124.84937507000006,6.5296558840000216],[124.84906464200003,6.5297735830000647],[124.84880103300009,6.5298666750000507],[124.8485143580001,6.529953535000061],[124.8482648370001,6.5300582420000524],[124.84794953800008,6.5302183030000265],[124.84758830700002,6.530456387000072],[124.84712196600003,6.5307913000000326],[124.84663601600005,6.5311474920000592],[124.84647252500008,6.5312945650000529],[124.84635848300002,6.531410716000039],[124.84624051600008,6.5315776760000404],[124.84609568300004,6.5317068630000676],[124.84584127200003,6.5318454350000366],[124.84550339400005,6.5319830340000635],[124.84533992000001,6.5320299330000466],[124.84502848900001,6.532086596000056],[124.84472635600002,6.5320893000000524],[124.84436237300008,6.5320564830000762],[124.8440568740001,6.5319860020000533],[124.84369981400005,6.5318362380000394],[124.84336989300004,6.5317547810000747],[124.84316128500006,6.531726552000066],[124.8429178880001,6.5317196620000573],[124.84270936300004,6.5317982270000243],[124.84251851800002,6.5319077430000334],[124.84237107400008,6.5320302280000533],[124.84226333200002,6.5322439850000364],[124.84222912400003,6.5324453000000631],[124.84220834300004,6.5327065560000506],[124.84225963500012,6.5330036750000318],[124.84236824700008,6.5332372010000768],[124.84243595200007,6.5334593590000622],[124.84248226000011,6.5336550280000552],[124.84249516700004,6.5347325210000236],[124.84248328500007,6.5355731650000735],[124.84245457300005,6.5358382930000403],[124.84236770300004,6.5361048860000324],[124.84223706900002,6.536303361000023],[124.8420665860001,6.5364671260000478],[124.84189785700005,6.5365565670000478],[124.84166693000009,6.5365804730000718],[124.84147337200011,6.5365526550000368],[124.84124945000008,6.5365014300000439],[124.84091585200008,6.5364151820000416],[124.84071997000001,6.5364210260000277],[124.84053660300003,6.5365015470000571],[124.84042582200004,6.5366077200000632],[124.84034080300012,6.5367675120000399],[124.84027991400001,6.5370001220000518],[124.84026737400006,6.5372072550000553],[124.84025773900009,6.5375741400000607],[124.84030425000003,6.5378493600000525],[124.84037161500009,6.5380829340000446],[124.84046392500011,6.5383199710000213],[124.84069931200008,6.5387557890000494],[124.84089119800001,6.5390800520000312],[124.84105999500002,6.5392977140000426],[124.84112844100002,6.5394688620000352],[124.84120045300006,6.5397213990000296],[124.84122562700009,6.5400216330000376],[124.84102072400003,6.5397098440000718],[124.8398495890001,6.5384486220000326],[124.83709390400008,6.535073819000047],[124.83254331500007,6.5325328250000325],[124.82832926600008,6.5299407540000516],[124.82749326400005,6.5294741700000714],[124.82271226900002,6.5263047310000388],[124.83454668700006,6.5159275410000532],[124.83728384100004,6.5135735680000266],[124.83979529400006,6.5114120560000401],[124.84007907800003,6.5111677940000732],[124.84034118300008,6.5109421970000767],[124.84096307200002,6.5104069250000407],[124.84119760800002,6.5102050380000378],[124.84146078500009,6.5099785110000425],[124.84224299400012,6.5093059410000365],[124.84272176600007,6.5088931460000481],[124.84437729100011,6.5108488390000616],[124.84634568600006,6.5131328850000614],[124.84779535300004,6.5148365490000515],[124.84854843700009,6.5156871300000603],[124.84899802400002,6.5161788500000739],[124.84903097600011,6.5162177930000666],[124.84990572100003,6.5172761020000394],[124.85236861900012,6.5201818340000273],[124.8534492440001,6.5214963740000371],[124.85411005900005,6.5223458460000643]]]},"properties":{"brgy_name":"Caloocan","brgy_code":"126306004","city_name":"City of Koronadal","prov_name":"South Cotabato","psgc_10d":"1206306004"}},{"type":"Feature","geometry":{"type":"Polygon","coordinates":[[[124.88444362300004,6.4586621970000238],[124.88468129400007,6.4590847250000252],[124.88478692600006,6.4594808450000301],[124.8849189660001,6.4601146360000712],[124.88502459800009,6.460774835000052],[124.88507741400008,6.4613558110000326],[124.88504872200008,6.4615574520000223],[124.88581683700011,6.4625177620000613],[124.88605450900002,6.463072329000056],[124.88676752400011,6.4637061200000403],[124.88737490800008,6.4645247680000466],[124.88782384300009,6.46536982300006],[124.88811433100011,6.4665053660000353],[124.88837841100008,6.4672711970000591],[124.88845763500001,6.4683011080000483],[124.88845763500001,6.4690141230000222],[124.88241020900011,6.4681632000000491],[124.8785714600001,6.4676082420000398],[124.87846674100001,6.4683293680000702],[124.87814634100005,6.469432768000047],[124.87770384100008,6.4704646680000337],[124.87713154100004,6.4713830680000228],[124.87637624100012,6.4723343680000767],[124.87545314100009,6.4732393680000655],[124.87515243600001,6.4735026530000255],[124.8747065770001,6.4738816420000376],[124.87332972600007,6.4750523940000448],[124.87075404500001,6.4719585270000266],[124.8695824130001,6.4705186090000666],[124.87026689000004,6.4698821900000212],[124.86952155500012,6.4689957580000623],[124.86697902000003,6.4662080410000726],[124.86514819600006,6.4640670290000344],[124.86359043300001,6.4621634880000443],[124.86310696400005,6.4615919390000727],[124.85265383000001,6.4499528070000451],[124.85886420700001,6.444035288000066],[124.85945251400005,6.4408280610000475],[124.86028217000012,6.435431746000063],[124.86257083600003,6.4363741370000298],[124.86571214200001,6.4376306600000248],[124.86660965800002,6.4383935480000218],[124.86795593200009,6.4396949470000209],[124.86862906900001,6.4411758480000572],[124.86921245500002,6.4423874950000481],[124.86948171000006,6.4442274030000704],[124.87089909300005,6.444182187000024],[124.88038166400008,6.4441857200000641],[124.88057108300006,6.4414075650000768],[124.88511286100004,6.4416918880000367],[124.88645357300004,6.4418098210000494],[124.88975569700006,6.4421884480000244],[124.89620270000012,6.4428538900000376],[124.89531820200011,6.4432542410000337],[124.89466646700009,6.4434497610000676],[124.89405197400004,6.4438314920000721],[124.89343748100009,6.4443249480000304],[124.89321403000008,6.4448090940000498],[124.89315816700002,6.4454142770000544],[124.89327920300002,6.4458891120000317],[124.89363300200012,6.4462149790000467],[124.89372610700002,6.4463080840000657],[124.89380059100006,6.4465780890000701],[124.89372610700002,6.4467084360000513],[124.8934281710001,6.4468667140000662],[124.89290678300006,6.4469877510000515],[124.89206883800011,6.4469877510000515],[124.8914077930001,6.4472484450000707],[124.89078398900006,6.447602244000052],[124.89025329100002,6.4477325910000332],[124.88968535100003,6.4476115540000478],[124.8889498210001,6.4474346550000519],[124.8882701550001,6.4475184490000288],[124.8877208350001,6.4478536270000291],[124.88752531500006,6.4481981160000714],[124.8874787630001,6.449101234000068],[124.88764635100006,6.4495667590000494],[124.88822360200004,6.4500043520000645],[124.88864249000005,6.450845437000055],[124.88890657000002,6.451769716000058],[124.8887217140001,6.4523242840000421],[124.88795588300002,6.4529844830000229],[124.88703160400007,6.4537767220000433],[124.88637140500009,6.4546745930000498],[124.88597528500009,6.4556780960000424],[124.88571120500001,6.4563118880000729],[124.88523586200006,6.4568928630000642],[124.88478692600006,6.4574474310000483],[124.88454925500002,6.4576851020000277],[124.88444362300004,6.4582132620000721],[124.88444362300004,6.4586621970000238]]]},"properties":{"brgy_name":"Carpenter Hill","brgy_code":"126306005","city_name":"City of Koronadal","prov_name":"South Cotabato","psgc_10d":"1206306005"}},{"type":"Feature","geometry":{"type":"Polygon","coordinates":[[[124.90713762500002,6.4799874080000563],[124.9068334210001,6.4801902110000356],[124.90651794900009,6.4804831490000652],[124.90630387900001,6.4809676230000264],[124.90599216600003,6.4815710270000295],[124.90573156900007,6.4818316240000513],[124.90525380800011,6.4818316240000513],[124.9046674650001,6.4818316240000513],[124.90395082300006,6.4818533410000327],[124.90332104700008,6.4820053560000588],[124.90279985300003,6.4822659530000237],[124.90238724100004,6.4824831170000721],[124.90188776400009,6.4826785650000716],[124.90149686800009,6.4829174450000551],[124.90114940500007,6.4833734900000763],[124.9008888080001,6.4839815500000668],[124.90060649500003,6.4844593110000233],[124.89921664400003,6.4857188630000451],[124.89850000300009,6.4861749080000664],[124.89806567400001,6.4864137880000499],[124.89737074900006,6.4867395340000371],[124.89674097300008,6.4870218480000403],[124.89624149500003,6.4870435640000323],[124.89567686900011,6.4871955790000584],[124.89532940600009,6.4873258780000356],[124.89467791300001,6.4874778930000616],[124.89426530100002,6.4874778930000616],[124.89370439000004,6.4876047990000529],[124.89349839600004,6.4875982750000389],[124.89334778000011,6.4875958700000638],[124.89320625700009,6.4876256920000515],[124.89302168600011,6.4876876390000575],[124.89292104700007,6.487748100000033],[124.89279753300002,6.487792756000033],[124.89265635100003,6.4878155620000371],[124.89246226000012,6.4878206770000588],[124.89227995700003,6.487798815000076],[124.89213241300001,6.4877621130000307],[124.8919499540001,6.4876836340000636],[124.89171076000002,6.4875637300000335],[124.89128061500003,6.4873150140000462],[124.89113232600005,6.4872119730000577],[124.89102333400001,6.4871082240000533],[124.8909705960001,6.4870316110000203],[124.8909423450001,6.4869377650000501],[124.89094098800001,6.4868383210000502],[124.89092952600004,6.4867750950000413],[124.89090116200009,6.486722228000076],[124.89072233500008,6.4866076280000584],[124.8905466650001,6.486479197000051],[124.89037385300003,6.4863860470000532],[124.89022023700011,6.4863362070000221],[124.89009687300006,6.486315583000021],[124.88997245100006,6.4863179480000213],[124.88988063400006,6.4863537010000414],[124.88981835400011,6.4864075610000214],[124.88973982300001,6.486485966000032],[124.88966136600004,6.4865497980000555],[124.88947897900005,6.4866144740000209],[124.88920324700007,6.4866809690000764],[124.8888141330001,6.4867235520000577],[124.88854198100012,6.4867468120000353],[124.88844194000001,6.4867627070000253],[124.88834552100002,6.4867709370000739],[124.88824224300004,6.4867669630000364],[124.88815877100001,6.486768358000063],[124.88805872400008,6.4867839370000411],[124.8879841050001,6.4867782200000761],[124.88792141500005,6.4867734170000517],[124.88785713600009,6.4867376570000488],[124.88780407600007,6.486710477000031],[124.88773790800008,6.4866517220000333],[124.88767814700009,6.4865631320000716],[124.88762143800011,6.4864904050000405],[124.88756881800009,6.4864182790000768],[124.88752148000003,6.4863807690000499],[124.8874285170001,6.4863361800000234],[124.88736071800008,6.4863160960000528],[124.88730357000009,6.4863081410000518],[124.88724549600011,6.4863124670000616],[124.8871465950001,6.4863396360000252],[124.8870279250001,6.4863692280000578],[124.88687705500001,6.4864118750000443],[124.88676177100001,6.4864457510000761],[124.8866431890001,6.4864720140000713],[124.88641871900006,6.4864869620000718],[124.8862745350001,6.4865003410000668],[124.88614843700009,6.4865274220000515],[124.88608341600002,6.486547832000042],[124.88603661400009,6.4865771800000402],[124.88599242500004,6.4866254320000394],[124.88594672900001,6.4866963820000478],[124.88592290600002,6.4867737750000742],[124.88589415500007,6.4869126250000591],[124.88588110800004,6.4870536170000719],[124.88588129200002,6.4872901460000207],[124.88587461200007,6.4873683900000287],[124.88585129000012,6.487443072000076],[124.88581344800002,6.4875070480000545],[124.88574859800008,6.4875671490000286],[124.88568461400007,6.4875901150000459],[124.8855861940001,6.4876087000000666],[124.88550624600009,6.4876094420000641],[124.88541251800007,6.4876039110000647],[124.88528693900003,6.4876158950000331],[124.88519807300008,6.4876332100000695],[124.88500165200003,6.4876623600000585],[124.88488393800003,6.4876740500000665],[124.88479725600007,6.4876679420000301],[124.88469084300004,6.487660442000049],[124.88455723000004,6.4876309720000336],[124.88443200000006,6.4875563640000564],[124.88436424100007,6.4875174210000637],[124.88421354700006,6.4874532600000521],[124.88410915400004,6.4874177250000571],[124.88390141800005,6.4873829300000239],[124.88361801800011,6.4873877770000377],[124.88343830300005,6.4873914560000685],[124.8832413560001,6.4874052740000252],[124.88307734200009,6.4874302160000639],[124.88300304800009,6.4874474610000448],[124.8829541560001,6.4874638480000613],[124.88283478700009,6.487514873000066],[124.88268616300002,6.4875668830000564],[124.88261337100005,6.4875873410000509],[124.88253889700002,6.4875903060000724],[124.88228486500009,6.4875480180000409],[124.88214742800005,6.4874940890000516],[124.88208594600007,6.4874721000000477],[124.88205089000007,6.4874350070000446],[124.88204469200002,6.4873889070000246],[124.88209395600006,6.4872406300000307],[124.88209425500008,6.4871656370000323],[124.88208133100011,6.4870796760000644],[124.88203586600002,6.4869951460000266],[124.88195883900005,6.4869039810000686],[124.88184034400001,6.4868029640000486],[124.88171684400004,6.4867358640000248],[124.88157773400007,6.4866828030000647],[124.88147437800001,6.4866618680000556],[124.88137696700005,6.486636168000075],[124.88130641800001,6.4866310490000387],[124.88121185600005,6.4866215420000231],[124.88111101800007,6.486630089000073],[124.8810590600001,6.486636901000054],[124.88099214100009,6.4866612420000251],[124.88085266700011,6.4867554480000535],[124.88076450700009,6.486805008000033],[124.88067345800005,6.4868367500000659],[124.88054174800004,6.4868656880000231],[124.88041213500003,6.4868819910000752],[124.88032411200004,6.4868936230000713],[124.88021909600002,6.4869305380000242],[124.88013305200002,6.4869803550000711],[124.88000972700002,6.4870443380000324],[124.87984054000003,6.4871503030000213],[124.87963619800007,6.4872721070000239],[124.87950258000001,6.4873507610000729],[124.87935367300008,6.4874185210000519],[124.87911479200011,6.487476852000043],[124.87893971100004,6.4874939640000662],[124.87858127400011,6.4875308190000283],[124.87833373800004,6.48755690400003],[124.87818436500004,6.4875683640000261],[124.8780228280001,6.4875815590000343],[124.87777059900009,6.4876179030000571],[124.8776659130001,6.4876289720000386],[124.87751568500005,6.4876284330000544],[124.87736490000009,6.4876331660000233],[124.87714256600009,6.4876190780000229],[124.87685557500004,6.4876146930000687],[124.87671108200004,6.4876231020000432],[124.87656241900004,6.4876503880000769],[124.87642504900009,6.4876783900000419],[124.87631249900005,6.487705366000057],[124.8761723560001,6.4877502070000332],[124.87594098400007,6.4878619420000518],[124.87579021900001,6.4879568640000684],[124.87570927900003,6.4880129990000341],[124.87566924600003,6.4880542140000443],[124.87563322100004,6.488116896000065],[124.87560454600009,6.4881887190000498],[124.87558344000001,6.488267363000034],[124.8755484510001,6.4885230490000367],[124.87554366000006,6.4886037390000411],[124.87552287300002,6.489079446000062],[124.87552661200004,6.4892523270000311],[124.87552439900003,6.4899270170000705],[124.87538155700008,6.489709972000071],[124.87346365600001,6.486788597000043],[124.87337939700001,6.4866776290000416],[124.87332055500008,6.4865873960000613],[124.87170309300006,6.4841350290000719],[124.86794089700004,6.4796334650000631],[124.86828698800002,6.4793393080000214],[124.86846884700003,6.47918469800004],[124.86929991400007,6.4784782030000656],[124.87012771200011,6.4777744790000611],[124.87036084500005,6.4775762880000229],[124.87168362600005,6.4764517710000291],[124.87219197400009,6.4760196160000305],[124.87332972600007,6.4750523940000448],[124.8747065770001,6.4738816420000376],[124.87515243600001,6.4735026530000255],[124.87545314100009,6.4732393680000655],[124.87637624100012,6.4723343680000767],[124.87713154100004,6.4713830680000228],[124.87770384100008,6.4704646680000337],[124.87814634100005,6.469432768000047],[124.87846674100001,6.4683293680000702],[124.8785714600001,6.4676082420000398],[124.88241020900011,6.4681632000000491],[124.88845763500001,6.4690141230000222],[124.88845763500001,6.4683011080000483],[124.88837841100008,6.4672711970000591],[124.88811433100011,6.4665053660000353],[124.88782384300009,6.46536982300006],[124.88737490800008,6.4645247680000466],[124.88676752400011,6.4637061200000403],[124.88605450900002,6.463072329000056],[124.88581683700011,6.4625177620000613],[124.88504872200008,6.4615574520000223],[124.88507741400008,6.4613558110000326],[124.88502459800009,6.460774835000052],[124.8849189660001,6.4601146360000712],[124.88478692600006,6.4594808450000301],[124.88468129400007,6.4590847250000252],[124.88444362300004,6.4586621970000238],[124.88824891600007,6.4600478470000553],[124.88989936300004,6.4607186430000638],[124.89278523400003,6.4619058070000506],[124.8949499470001,6.4628147360000412],[124.89697604700007,6.4637475820000532],[124.89702340200006,6.4638724250000337],[124.89713102600001,6.4639240850000306],[124.89728169900002,6.463984354000047],[124.89727309000011,6.4640833690000363],[124.89721282000005,6.4641651630000752],[124.89717407500007,6.4641565530000662],[124.89704492700002,6.4641780780000317],[124.89696743700006,6.4642813970000361],[124.89701909700011,6.4643847160000405],[124.89699757200003,6.4644665100000225],[124.89706214600005,6.4645353900000373],[124.89707936600007,6.4646387090000417],[124.89713102600001,6.4646387090000417],[124.89723004000007,6.4646946730000536],[124.89719990500009,6.4647936870000535],[124.89708367100002,6.4648754820000249],[124.89676510400011,6.4650347650000413],[124.89666178500011,6.4651983540000515],[124.89653694100002,6.4653662470000768],[124.89652402600007,6.4654394320000392],[124.89664456500009,6.4654997010000557],[124.89666609000005,6.4656159350000735],[124.89662734500007,6.4657364740000389],[124.89653263600007,6.4658182680000209],[124.89641209700005,6.4658527080000567],[124.89638196200008,6.4659517220000566],[124.89638196200008,6.4660292120000236],[124.89642501200001,6.4661196160000713],[124.89640348700004,6.4662186300000712],[124.89633460800007,6.4662702900000681],[124.89626572800012,6.4662832040000353],[124.89617532400007,6.4663520840000501],[124.89618823900003,6.4665199770000754],[124.89621406900005,6.4666103820000558],[124.89622267900006,6.4667180060000646],[124.8962097640001,6.4668342400000256],[124.89611075000005,6.466928949000021],[124.89604617500004,6.4670365730000299],[124.89605909000011,6.4671355870000298],[124.89611075000005,6.4671485020000432],[124.89619684900003,6.4671226720000732],[124.89625711800011,6.4671355870000298],[124.89629155800003,6.4671958560000462],[124.89627003300006,6.4673938850000354],[124.89623559400002,6.4675402530000383],[124.89618823900003,6.4676392680000276],[124.89615810400005,6.467798551000044],[124.89616671400006,6.4679492250000408],[124.89622267900006,6.4679965790000438],[124.89633460800007,6.4680654590000586],[124.89646375700011,6.4681386430000316],[124.89651541600006,6.4682161330000554],[124.89648097600002,6.4683108420000508],[124.89638196200008,6.4683022320000418],[124.89627433800001,6.4682807070000763],[124.89613657900009,6.4682591820000539],[124.89602034500001,6.4683711110000672],[124.89596007600005,6.4685088700000506],[124.89584384200009,6.4687198130000638],[124.89573191300008,6.4688747920000651],[124.89571038800011,6.4689436710000336],[124.89561137400005,6.4690728200000649],[124.89556401900006,6.4692450190000272],[124.89548653000008,6.4694301320000704],[124.89540904100011,6.4695506710000359],[124.89529711200009,6.4696152450000568],[124.89519809800004,6.469813274000046],[124.89514213300004,6.4699079830000414],[124.89501298400012,6.4700715710000622],[124.89494410500004,6.4702050250000411],[124.89475899100012,6.4702265500000635],[124.89458679300003,6.4704245780000633],[124.89444472900004,6.4705192870000587],[124.89427253100007,6.4706656560000511],[124.89415629700011,6.4707431450000286],[124.89400131800005,6.4709239540000567],[124.89397118300008,6.4710660180000446],[124.89406589300006,6.4711736420000534],[124.89418643100009,6.4712769610000578],[124.89422087100002,6.4713759750000577],[124.89416921200007,6.4715094290000366],[124.89412185700007,6.471561088000044],[124.89403145300003,6.4716601020000439],[124.89385494900012,6.4718753510000511],[124.89371719100006,6.4720905990000688],[124.89357512700008,6.4722714070000507],[124.89346750300001,6.4724866550000684],[124.8932436450001,6.4725985840000249],[124.89302409200002,6.4728009180000754],[124.89262803500003,6.4730419950000737],[124.89233529800003,6.4732098890000316],[124.8921889290001,6.4732916830000704],[124.89211601800002,6.4734682810000663],[124.89448107200008,6.4744318630000635],[124.89562284600004,6.4748970500000382],[124.90713762500002,6.4799874080000563]]]},"properties":{"brgy_name":"Concepcion (Bo. 6)","brgy_code":"126306006","city_name":"City of Koronadal","prov_name":"South Cotabato","psgc_10d":"1206306006"}},{"type":"Feature","geometry":{"type":"Polygon","coordinates":[[[124.92372674300009,6.5172758390000354],[124.9216321990001,6.5188663480000741],[124.91450774700002,6.5236986320000483],[124.90917355800002,6.5186133480000308],[124.90982157000008,6.5181372480000732],[124.91034954200006,6.5177702850000401],[124.90969292700004,6.5169098110000618],[124.90956888400001,6.5166900210000449],[124.90896479100002,6.5158727190000718],[124.90814748800005,6.5147356020000302],[124.90751869900009,6.5137969150000572],[124.90731212000003,6.5133704280000302],[124.90637251600003,6.5121242870000628],[124.90545956800008,6.5107915160000402],[124.90403350300005,6.5087390480000522],[124.90233497600002,6.5063034220000304],[124.90069220200007,6.5037148070000512],[124.91273921400011,6.4957000590000575],[124.91460071200004,6.4983584260000384],[124.91665318000003,6.5012905230000229],[124.91923209200002,6.5051089120000256],[124.91996511600007,6.5061951210000757],[124.92013659100007,6.5064401970000745],[124.92107131700004,6.5077544630000261],[124.92234959100006,6.5094159570000443],[124.92677784500006,6.5150956600000427],[124.92372674300009,6.5172758390000354]]]},"properties":{"brgy_name":"Esperanza","brgy_code":"126306007","city_name":"City of Koronadal","prov_name":"South Cotabato","psgc_10d":"1206306007"}},{"type":"Feature","geometry":{"type":"Polygon","coordinates":[[[124.8678556430001,6.5026886830000308],[124.86789346100011,6.5028201870000544],[124.86796292100007,6.5030344940000759],[124.86816000100009,6.5035707430000684],[124.86830599600012,6.5038740640000583],[124.86849027700009,6.5041814800000566],[124.86877973300011,6.5045540600000322],[124.86905303500009,6.5047961520000399],[124.8692975780001,6.5049695330000645],[124.86949166300008,6.5051337960000524],[124.86966906200007,6.50530750300004],[124.86981931000003,6.5055262130000528],[124.87004728300008,6.5058385990000716],[124.8702866540001,6.5061216380000246],[124.87051179900004,6.5063805660000753],[124.87068610000006,6.5066314740000735],[124.87082036700008,6.5068038010000464],[124.87096961000009,6.5070763870000405],[124.87112882500003,6.507549703000052],[124.87129447400002,6.5080255410000518],[124.87139598200008,6.5084099190000302],[124.87145663000001,6.508726508000052],[124.87152630300011,6.5091806770000744],[124.87155260400004,6.5094734460000723],[124.87154123400012,6.5098408770000447],[124.87152050200007,6.5101195950000488],[124.87146561900011,6.510488710000061],[124.87138659300001,6.510776561000057],[124.87124120600004,6.5111789320000639],[124.87112174700007,6.5115443100000334],[124.87103478600011,6.5119366900000273],[124.87101389500003,6.512456610000072],[124.87108411400004,6.5129110370000376],[124.8711711090001,6.5131873000000269],[124.87132364400009,6.5135931860000369],[124.8715565120001,6.514300295000055],[124.87157439200007,6.5146086780000587],[124.87155712900005,6.5149107300000537],[124.87147648300004,6.5152327150000247],[124.87128723300009,6.5155378460000293],[124.87103381100007,6.5158069470000441],[124.87061521700002,6.516134682000029],[124.87022989900004,6.5163016680000396],[124.86994659400011,6.5163332920000698],[124.86949203900008,6.5163038610000399],[124.86878470200008,6.516168222000033],[124.86837651100006,6.516106584000056],[124.86810743300009,6.5161153470000386],[124.86800535900011,6.516166887000054],[124.86789750700007,6.5162922720000438],[124.86785973100007,6.5164391170000613],[124.86780562500007,6.5166709660000492],[124.86779626500004,6.5167928460000439],[124.86787275300003,6.5169844780000403],[124.86797988900003,6.5173457710000662],[124.86809824200009,6.5182929700000614],[124.86811237000006,6.5188176690000432],[124.86807760000011,6.5191697510000495],[124.86802350900007,6.5195266250000259],[124.86791821800011,6.5199704570000563],[124.86781478400007,6.5202694440000641],[124.86767938900005,6.5204673490000573],[124.86741598700007,6.5206713660000446],[124.86695721000001,6.5208825770000658],[124.86648583600004,6.5210331980000547],[124.86593482700005,6.5210882960000731],[124.86552857600009,6.5210757070000227],[124.8651593400001,6.5210813580000604],[124.86481531800007,6.5211421780000478],[124.86447923300011,6.521230398000057],[124.86416650500007,6.5213130400000523],[124.86388030800003,6.5213965060000305],[124.86370610500012,6.5214281430000369],[124.86307082400003,6.5214215400000626],[124.86258547400007,6.5213265920000367],[124.86213151100003,6.5211158940000473],[124.86171467700001,6.5209154190000618],[124.86117936300002,6.5206215080000334],[124.86070576800012,6.520304119000059],[124.86024068800009,6.5201132190000521],[124.85998631500001,6.5200626900000316],[124.85980050800003,6.5200849780000567],[124.85960175500009,6.5201401110000461],[124.85948100400003,6.5201976850000278],[124.85941580500003,6.5202682210000376],[124.85932474900005,6.5204056160000619],[124.85919300000012,6.5205651860000557],[124.85883380500002,6.5208103950000691],[124.85858544500002,6.5210223740000401],[124.85842417000003,6.5212036320000379],[124.85829777000004,6.5213527870000689],[124.85811988800003,6.5214859670000465],[124.85778553300008,6.5216934700000593],[124.85746464200008,6.5218584190000684],[124.85705969600008,6.521994224000025],[124.85660651100011,6.522066078000023],[124.85612420500001,6.5220842320000543],[124.85546904400007,6.5220890860000509],[124.85490053400008,6.5221458430000325],[124.85450552900011,6.5222304500000519],[124.85411005900005,6.5223458460000643],[124.8534492440001,6.5214963740000371],[124.85236861900012,6.5201818340000273],[124.84990572100003,6.5172761020000394],[124.84903097600011,6.5162177930000666],[124.84899802400002,6.5161788500000739],[124.84854843700009,6.5156871300000603],[124.84779535300004,6.5148365490000515],[124.84634568600006,6.5131328850000614],[124.84437729100011,6.5108488390000616],[124.84272176600007,6.5088931460000481],[124.84219758100005,6.5082845420000695],[124.84197720000009,6.5080215650000355],[124.8414182140001,6.5073671680000302],[124.84151879500007,6.5072601350000241],[124.8417182930001,6.5070896710000738],[124.84190361000003,6.5069435390000763],[124.84240607100003,6.5067027940000344],[124.84255793800003,6.5066450800000553],[124.84271234100004,6.5066162510000254],[124.84283180400007,6.5066225300000724],[124.84294562100001,6.506657247000021],[124.84312905100012,6.5067038370000319],[124.8432856070001,6.5067120650000447],[124.84341569200001,6.5066737440000679],[124.84351842600006,6.5066052590000254],[124.84404783000002,6.5059782440000617],[124.8443545240001,6.5055474880000475],[124.84440758000005,6.5054483630000277],[124.84441794800011,6.5053809870000237],[124.84536836000007,6.5045424970000454],[124.84474135800008,6.5037631410000358],[124.8456259620001,6.5030522510000424],[124.8465388080001,6.5022657460000346],[124.84746170800008,6.5014814510000747],[124.84839844400005,6.5007003750000649],[124.84933798800012,6.4999162860000297],[124.84986203800008,6.4994972900000221],[124.85028794300001,6.4991511810000588],[124.85059739200005,6.4989005960000554],[124.85089875300002,6.4986566760000528],[124.85121823800011,6.4983981150000432],[124.85280862200011,6.5002761180000448],[124.85388255900011,6.4993818830000691],[124.85412662800002,6.4991788160000397],[124.85468354900001,6.4987117650000528],[124.8550165580001,6.4984246260000305],[124.85524592800004,6.4982267140000545],[124.85536710700001,6.4981205630000431],[124.85570270800008,6.4978262850000306],[124.85601318400006,6.4975533660000337],[124.85643895400005,6.4971811510000634],[124.85667306300002,6.4969754180000336],[124.85734646800006,6.4963887410000325],[124.85752193300004,6.4962321050000469],[124.85780900300006,6.4959813690000487],[124.85794275400008,6.4958667570000443],[124.85798454500002,6.4958311570000546],[124.86153250900009,6.5001156190000415],[124.86141291700005,6.5002199930000302],[124.86095049400001,6.500622647000057],[124.86067215800006,6.5008646040000713],[124.86114127100006,6.5014067090000367],[124.86116454300009,6.5014335950000373],[124.86425922500007,6.5050107430000708],[124.86488846700001,6.5044644790000348],[124.86493255100004,6.5044305340000506],[124.86497345800001,6.504417543000045],[124.86500903300009,6.5044029840000235],[124.86504558000001,6.5043727280000212],[124.86557080400007,6.5039514920000556],[124.8666119610001,6.5031055880000395],[124.86765158300011,6.502748046000022],[124.8678556430001,6.5026886830000308]]]},"properties":{"brgy_name":"General Paulino Santos (Bo. 1)","brgy_code":"126306008","city_name":"City of Koronadal","prov_name":"South Cotabato","psgc_10d":"1206306008"}},{"type":"Feature","geometry":{"type":"Polygon","coordinates":[[[124.96562704400003,6.5547061940000617],[124.95040559800009,6.5576935800000342],[124.92445572400004,6.5307403260000569],[124.90348531000006,6.5366603660000351],[124.90079611900001,6.5376780410000492],[124.89516455800003,6.538720106000028],[124.89500462600006,6.5383691430000681],[124.89291217500011,6.5373029260000521],[124.89215249600011,6.5369164220000471],[124.88969131100009,6.5356236340000464],[124.88910884900008,6.5352565680000225],[124.88884278000012,6.5350771980000673],[124.88837184700003,6.5346867060000591],[124.88837187700005,6.5346862600000577],[124.88840312900004,6.5342678750000687],[124.88851513700001,6.5330413900000508],[124.88869995000005,6.5308124370000655],[124.88888548600005,6.5287720080000327],[124.88941394200003,6.5294483680000326],[124.88966687700008,6.5297772110000665],[124.89040783400003,6.530906127000037],[124.89200780500005,6.5298016120000284],[124.89500051500011,6.527735281000048],[124.89532040600011,6.5281887530000517],[124.90053893100003,6.5245636900000363],[124.9043611940001,6.5219427100000757],[124.90917355800002,6.5186133480000308],[124.91450774700002,6.5236986320000483],[124.9216321990001,6.5188663480000741],[124.92372674300009,6.5172758390000354],[124.92487456000003,6.5183007840000755],[124.92619233100004,6.519478308000032],[124.95588915200005,6.5460071240000275],[124.96562704400003,6.5547061940000617]]]},"properties":{"brgy_name":"Mabini","brgy_code":"126306009","city_name":"City of Koronadal","prov_name":"South Cotabato","psgc_10d":"1206306009"}},{"type":"Feature","geometry":{"type":"Polygon","coordinates":[[[124.91350926100006,6.4777770360000204],[124.91323298600003,6.4780157110000687],[124.91301891600006,6.4782523140000308],[124.91266964400006,6.478376249000064],[124.91243304000011,6.4783987830000456],[124.91182463100006,6.4785677860000419],[124.91173449600001,6.4788719900000729],[124.9117570300001,6.4791761950000364],[124.91165562800006,6.4795142000000396],[124.91139649100012,6.47981840500006],[124.91110355300009,6.4799198070000443],[124.91082188200005,6.479886006000072],[124.91047261000006,6.4798296720000508],[124.91032614100004,6.47981840500006],[124.90996560200006,6.4797733380000295],[124.90917692300002,6.4796944700000267],[124.90832064400001,6.4797057370000744],[124.90799390500001,6.4797282700000665],[124.90713762500002,6.4799874080000563],[124.89562284600004,6.4748970500000382],[124.89448107200008,6.4744318630000635],[124.89211601800002,6.4734682810000663],[124.8921889290001,6.4732916830000704],[124.89233529800003,6.4732098890000316],[124.89262803500003,6.4730419950000737],[124.89302409200002,6.4728009180000754],[124.8932436450001,6.4725985840000249],[124.89346750300001,6.4724866550000684],[124.89357512700008,6.4722714070000507],[124.89371719100006,6.4720905990000688],[124.89385494900012,6.4718753510000511],[124.89403145300003,6.4716601020000439],[124.89412185700007,6.471561088000044],[124.89416921200007,6.4715094290000366],[124.89422087100002,6.4713759750000577],[124.89418643100009,6.4712769610000578],[124.89406589300006,6.4711736420000534],[124.89397118300008,6.4710660180000446],[124.89400131800005,6.4709239540000567],[124.89415629700011,6.4707431450000286],[124.89427253100007,6.4706656560000511],[124.89444472900004,6.4705192870000587],[124.89458679300003,6.4704245780000633],[124.89475899100012,6.4702265500000635],[124.89494410500004,6.4702050250000411],[124.89501298400012,6.4700715710000622],[124.89514213300004,6.4699079830000414],[124.89519809800004,6.469813274000046],[124.89529711200009,6.4696152450000568],[124.89540904100011,6.4695506710000359],[124.89548653000008,6.4694301320000704],[124.89556401900006,6.4692450190000272],[124.89561137400005,6.4690728200000649],[124.89571038800011,6.4689436710000336],[124.89573191300008,6.4688747920000651],[124.89584384200009,6.4687198130000638],[124.89596007600005,6.4685088700000506],[124.89602034500001,6.4683711110000672],[124.89613657900009,6.4682591820000539],[124.89627433800001,6.4682807070000763],[124.89638196200008,6.4683022320000418],[124.89648097600002,6.4683108420000508],[124.89651541600006,6.4682161330000554],[124.89646375700011,6.4681386430000316],[124.89633460800007,6.4680654590000586],[124.89622267900006,6.4679965790000438],[124.89616671400006,6.4679492250000408],[124.89615810400005,6.467798551000044],[124.89618823900003,6.4676392680000276],[124.89623559400002,6.4675402530000383],[124.89627003300006,6.4673938850000354],[124.89629155800003,6.4671958560000462],[124.89625711800011,6.4671355870000298],[124.89619684900003,6.4671226720000732],[124.89611075000005,6.4671485020000432],[124.89605909000011,6.4671355870000298],[124.89604617500004,6.4670365730000299],[124.89611075000005,6.466928949000021],[124.8962097640001,6.4668342400000256],[124.89622267900006,6.4667180060000646],[124.89621406900005,6.4666103820000558],[124.89618823900003,6.4665199770000754],[124.89617532400007,6.4663520840000501],[124.89626572800012,6.4662832040000353],[124.89633460800007,6.4662702900000681],[124.89640348700004,6.4662186300000712],[124.89642501200001,6.4661196160000713],[124.89638196200008,6.4660292120000236],[124.89638196200008,6.4659517220000566],[124.89641209700005,6.4658527080000567],[124.89653263600007,6.4658182680000209],[124.89662734500007,6.4657364740000389],[124.89666609000005,6.4656159350000735],[124.89664456500009,6.4654997010000557],[124.89652402600007,6.4654394320000392],[124.89653694100002,6.4653662470000768],[124.89666178500011,6.4651983540000515],[124.89676510400011,6.4650347650000413],[124.89708367100002,6.4648754820000249],[124.89719990500009,6.4647936870000535],[124.89723004000007,6.4646946730000536],[124.89713102600001,6.4646387090000417],[124.89707936600007,6.4646387090000417],[124.89706214600005,6.4645353900000373],[124.89699757200003,6.4644665100000225],[124.89701909700011,6.4643847160000405],[124.89696743700006,6.4642813970000361],[124.89704492700002,6.4641780780000317],[124.89717407500007,6.4641565530000662],[124.89721282000005,6.4641651630000752],[124.89727309000011,6.4640833690000363],[124.89728169900002,6.463984354000047],[124.89713102600001,6.4639240850000306],[124.89702340200006,6.4638724250000337],[124.89697604700007,6.4637475820000532],[124.8992795370001,6.4645867860000408],[124.90203593300009,6.4584241120000456],[124.90767197900004,6.4608443620000457],[124.90934189400002,6.4567817050000258],[124.9114586280001,6.4517840410000531],[124.91209603200002,6.4520746900000745],[124.91483001800009,6.4531951760000652],[124.92298628700007,6.4564499300000762],[124.92917974000011,6.4584700630000498],[124.92190651300007,6.4711488360000544],[124.92058504000011,6.4733518490000392],[124.92003748100001,6.4743849330000671],[124.91981031700004,6.4745046290000232],[124.91965258100004,6.4746736320000764],[124.91946104500005,6.4747412330000316],[124.91915934400004,6.4750863320000462],[124.91895654100006,6.4752778680000347],[124.91871993700011,6.4754694050000694],[124.91853966800011,6.4756158740000274],[124.91815659500003,6.4756158740000274],[124.91789745800008,6.4755595390000735],[124.91759325300006,6.475446871000031],[124.91732284900002,6.4753905370000666],[124.91693977700004,6.4753004020000731],[124.9165116370001,6.4753454690000467],[124.9160046290001,6.4755370060000246],[124.91563282300001,6.4758299440000542],[124.9149906130001,6.4764834200000223],[124.91469767500007,6.476742558000069],[124.91444980500012,6.4769340940000575],[124.91421320100005,6.4771143630000552],[124.91371746000004,6.4775875710000719],[124.91350926100006,6.4777770360000204]]]},"properties":{"brgy_name":"Magsaysay","brgy_code":"126306010","city_name":"City of Koronadal","prov_name":"South Cotabato","psgc_10d":"1206306010"}},{"type":"Feature","geometry":{"type":"Polygon","coordinates":[[[124.83964279700001,6.4673612330000765],[124.83385963500007,6.4721200750000207],[124.83109572400008,6.4740498230000298],[124.82281900300006,6.4780942410000648],[124.8130812930001,6.4641749160000472],[124.82032583400007,6.4540636440000299],[124.82691600500004,6.4449863010000286],[124.82891545200005,6.4487140900000668],[124.83022745000005,6.449912002000076],[124.83176762300002,6.4513380870000674],[124.84152458700009,6.4562413450000236],[124.84527747600009,6.4603256730000567],[124.84159629600003,6.4654512340000565],[124.8412673150001,6.4659030880000614],[124.84049217500001,6.4665941450000446],[124.84009804400011,6.46694552200006],[124.83964279700001,6.4673612330000765]]]},"properties":{"brgy_name":"Mambucal","brgy_code":"126306011","city_name":"City of Koronadal","prov_name":"South Cotabato","psgc_10d":"1206306011"}},{"type":"Feature","geometry":{"type":"Polygon","coordinates":[[[124.83979529400006,6.5114120560000401],[124.83728384100004,6.5135735680000266],[124.83454668700006,6.5159275410000532],[124.82271226900002,6.5263047310000388],[124.81678514800001,6.5232880030000615],[124.81591884900001,6.5221381200000224],[124.81249035100006,6.5179664980000211],[124.81641082400006,6.5157177380000348],[124.81826863100002,6.5137811150000289],[124.82035162700004,6.5122047940000698],[124.82222069400007,6.5102456520000374],[124.82441628400011,6.5053590560000316],[124.82893131800006,6.5014295130000619],[124.8307335720001,6.5036615740000343],[124.83081059100004,6.5035952130000396],[124.83459688700009,6.5080526090000603],[124.83503314100005,6.5076751680000484],[124.83550720900007,6.5072723450000467],[124.83595098300009,6.5068959320000204],[124.83612422100009,6.5067508190000467],[124.83979529400006,6.5114120560000401]]]},"properties":{"brgy_name":"Morales","brgy_code":"126306012","city_name":"City of Koronadal","prov_name":"South Cotabato","psgc_10d":"1206306012"}},{"type":"Feature","geometry":{"type":"Polygon","coordinates":[[[124.86005515700003,6.5380286190000447],[124.85232939900004,6.5414060540000492],[124.84690393400001,6.5461385870000299],[124.84122562700009,6.5400216330000376],[124.84120045300006,6.5397213990000296],[124.84112844100002,6.5394688620000352],[124.84105999500002,6.5392977140000426],[124.84089119800001,6.5390800520000312],[124.84069931200008,6.5387557890000494],[124.84046392500011,6.5383199710000213],[124.84037161500009,6.5380829340000446],[124.84030425000003,6.5378493600000525],[124.84025773900009,6.5375741400000607],[124.84026737400006,6.5372072550000553],[124.84027991400001,6.5370001220000518],[124.84034080300012,6.5367675120000399],[124.84042582200004,6.5366077200000632],[124.84053660300003,6.5365015470000571],[124.84071997000001,6.5364210260000277],[124.84091585200008,6.5364151820000416],[124.84124945000008,6.5365014300000439],[124.84147337200011,6.5365526550000368],[124.84166693000009,6.5365804730000718],[124.84189785700005,6.5365565670000478],[124.8420665860001,6.5364671260000478],[124.84223706900002,6.536303361000023],[124.84236770300004,6.5361048860000324],[124.84245457300005,6.5358382930000403],[124.84248328500007,6.5355731650000735],[124.84249516700004,6.5347325210000236],[124.84248226000011,6.5336550280000552],[124.84243595200007,6.5334593590000622],[124.84236824700008,6.5332372010000768],[124.84225963500012,6.5330036750000318],[124.84220834300004,6.5327065560000506],[124.84222912400003,6.5324453000000631],[124.84226333200002,6.5322439850000364],[124.84237107400008,6.5320302280000533],[124.84251851800002,6.5319077430000334],[124.84270936300004,6.5317982270000243],[124.8429178880001,6.5317196620000573],[124.84316128500006,6.531726552000066],[124.84336989300004,6.5317547810000747],[124.84369981400005,6.5318362380000394],[124.8440568740001,6.5319860020000533],[124.84436237300008,6.5320564830000762],[124.84472635600002,6.5320893000000524],[124.84502848900001,6.532086596000056],[124.84533992000001,6.5320299330000466],[124.84550339400005,6.5319830340000635],[124.84584127200003,6.5318454350000366],[124.84609568300004,6.5317068630000676],[124.84624051600008,6.5315776760000404],[124.84635848300002,6.531410716000039],[124.84647252500008,6.5312945650000529],[124.84663601600005,6.5311474920000592],[124.84712196600003,6.5307913000000326],[124.84758830700002,6.530456387000072],[124.84794953800008,6.5302183030000265],[124.8482648370001,6.5300582420000524],[124.8485143580001,6.529953535000061],[124.84880103300009,6.5298666750000507],[124.84906464200003,6.5297735830000647],[124.84937507000006,6.5296558840000216],[124.84997597400002,6.5293005640000388],[124.85050538500002,6.5290340090000427],[124.85133688000008,6.5286639040000409],[124.85176049900008,6.5284417210000356],[124.85204297100006,6.5282453990000704],[124.85235722300001,6.5280144150000297],[124.85269225000002,6.5278057490000378],[124.85291912300011,6.5276975720000223],[124.85307555100007,6.5275887500000636],[124.85323232300004,6.5273920670000507],[124.85331529600012,6.5271522090000644],[124.85334684200006,6.526951878000034],[124.85334528100009,6.5267418450000605],[124.85331644400003,6.5265278750000562],[124.85326711800008,6.526339169000039],[124.85316371200008,6.5260972170000286],[124.8529448060001,6.5257339330000264],[124.85275253500004,6.5253405620000535],[124.85263124500011,6.5250674900000263],[124.8525521790001,6.5247723450000308],[124.85253591300011,6.5245775020000565],[124.8525496630001,6.524364065000043],[124.85259896800005,6.5240891190000525],[124.85267809600009,6.5237805280000316],[124.85277804600003,6.5234889820000603],[124.85285445400007,6.5232807620000699],[124.85298833900004,6.5230546270000218],[124.85308171600002,6.5229244890000473],[124.85317233800004,6.5228229180000312],[124.85326644200006,6.5227439420000337],[124.85344594700007,6.522632796000039],[124.85374798700002,6.522475145000044],[124.85411005900005,6.5223458460000643],[124.85450552900011,6.5222304500000519],[124.85490053400008,6.5221458430000325],[124.85546904400007,6.5220890860000509],[124.85612420500001,6.5220842320000543],[124.85660651100011,6.522066078000023],[124.85705969600008,6.521994224000025],[124.85746464200008,6.5218584190000684],[124.85778553300008,6.5216934700000593],[124.85811988800003,6.5214859670000465],[124.85829777000004,6.5213527870000689],[124.85842417000003,6.5212036320000379],[124.85858544500002,6.5210223740000401],[124.85883380500002,6.5208103950000691],[124.85919300000012,6.5205651860000557],[124.85932474900005,6.5204056160000619],[124.85941580500003,6.5202682210000376],[124.85948100400003,6.5201976850000278],[124.85960175500009,6.5201401110000461],[124.85980050800003,6.5200849780000567],[124.85998631500001,6.5200626900000316],[124.86024068800009,6.5201132190000521],[124.86070576800012,6.520304119000059],[124.86117936300002,6.5206215080000334],[124.86171467700001,6.5209154190000618],[124.86213151100003,6.5211158940000473],[124.86258547400007,6.5213265920000367],[124.86307082400003,6.5214215400000626],[124.86370610500012,6.5214281430000369],[124.86388030800003,6.5213965060000305],[124.86416650500007,6.5213130400000523],[124.86447923300011,6.521230398000057],[124.86481531800007,6.5211421780000478],[124.8651593400001,6.5210813580000604],[124.86552857600009,6.5210757070000227],[124.86593482700005,6.5210882960000731],[124.86648583600004,6.5210331980000547],[124.86695721000001,6.5208825770000658],[124.86741598700007,6.5206713660000446],[124.86767938900005,6.5204673490000573],[124.86781478400007,6.5202694440000641],[124.86791821800011,6.5199704570000563],[124.86802350900007,6.5195266250000259],[124.86807760000011,6.5191697510000495],[124.86811237000006,6.5188176690000432],[124.86809824200009,6.5182929700000614],[124.86797988900003,6.5173457710000662],[124.86787275300003,6.5169844780000403],[124.86779626500004,6.5167928460000439],[124.86780562500007,6.5166709660000492],[124.86785973100007,6.5164391170000613],[124.86789750700007,6.5162922720000438],[124.86800535900011,6.516166887000054],[124.86810743300009,6.5161153470000386],[124.86837651100006,6.516106584000056],[124.86878470200008,6.516168222000033],[124.86949203900008,6.5163038610000399],[124.86994659400011,6.5163332920000698],[124.87022989900004,6.5163016680000396],[124.87061521700002,6.516134682000029],[124.87103381100007,6.5158069470000441],[124.87128723300009,6.5155378460000293],[124.87147648300004,6.5152327150000247],[124.87155712900005,6.5149107300000537],[124.87157439200007,6.5146086780000587],[124.8715565120001,6.514300295000055],[124.87132364400009,6.5135931860000369],[124.8711711090001,6.5131873000000269],[124.87108411400004,6.5129110370000376],[124.87101389500003,6.512456610000072],[124.87103478600011,6.5119366900000273],[124.87112174700007,6.5115443100000334],[124.87124120600004,6.5111789320000639],[124.87138659300001,6.510776561000057],[124.87146561900011,6.510488710000061],[124.87152050200007,6.5101195950000488],[124.87154123400012,6.5098408770000447],[124.87155260400004,6.5094734460000723],[124.87152630300011,6.5091806770000744],[124.87145663000001,6.508726508000052],[124.87139598200008,6.5084099190000302],[124.87129447400002,6.5080255410000518],[124.87112882500003,6.507549703000052],[124.87096961000009,6.5070763870000405],[124.87082036700008,6.5068038010000464],[124.87068610000006,6.5066314740000735],[124.87051179900004,6.5063805660000753],[124.8702866540001,6.5061216380000246],[124.87004728300008,6.5058385990000716],[124.86981931000003,6.5055262130000528],[124.86966906200007,6.50530750300004],[124.86949166300008,6.5051337960000524],[124.8692975780001,6.5049695330000645],[124.86905303500009,6.5047961520000399],[124.86877973300011,6.5045540600000322],[124.86849027700009,6.5041814800000566],[124.86830599600012,6.5038740640000583],[124.86816000100009,6.5035707430000684],[124.86796292100007,6.5030344940000759],[124.86789346100011,6.5028201870000544],[124.8678556430001,6.5026886830000308],[124.86804857200002,6.5026256100000523],[124.86829020000005,6.5025422670000239],[124.87048880400005,6.5022281810000209],[124.87167145400008,6.5037897930000668],[124.87738511700002,6.5118479280000656],[124.87617049200003,6.5161133830000608],[124.87555561400006,6.5167175090000455],[124.86833459900004,6.530833072000064],[124.86005515700003,6.5380286190000447]]]},"properties":{"brgy_name":"Namnama","brgy_code":"126306013","city_name":"City of Koronadal","prov_name":"South Cotabato","psgc_10d":"1206306013"}},{"type":"Feature","geometry":{"type":"Polygon","coordinates":[[[124.90403350300005,6.5087390480000522],[124.9033734730001,6.5091809790000639],[124.89972005800007,6.5117201900000623],[124.89806781100003,6.5128754430000413],[124.89771595800005,6.512400441000068],[124.8956664100001,6.5093481100000758],[124.89426779100006,6.5073601360000453],[124.89325621100011,6.5058911470000567],[124.89252351000005,6.5048169050000411],[124.89095961900011,6.5027256690000286],[124.88655577000009,6.5057018970000513],[124.8807121860001,6.4974948450000625],[124.8765465030001,6.4913941040000509],[124.87651856400009,6.4913546730000462],[124.87610166500008,6.4908070250000378],[124.87562457400008,6.4900828440000282],[124.87552439900003,6.4899270170000705],[124.87552661200004,6.4892523270000311],[124.87552287300002,6.489079446000062],[124.87554366000006,6.4886037390000411],[124.8755484510001,6.4885230490000367],[124.87558344000001,6.488267363000034],[124.87560454600009,6.4881887190000498],[124.87563322100004,6.488116896000065],[124.87566924600003,6.4880542140000443],[124.87570927900003,6.4880129990000341],[124.87579021900001,6.4879568640000684],[124.87594098400007,6.4878619420000518],[124.8761723560001,6.4877502070000332],[124.87631249900005,6.487705366000057],[124.87642504900009,6.4876783900000419],[124.87656241900004,6.4876503880000769],[124.87671108200004,6.4876231020000432],[124.87685557500004,6.4876146930000687],[124.87714256600009,6.4876190780000229],[124.87736490000009,6.4876331660000233],[124.87751568500005,6.4876284330000544],[124.8776659130001,6.4876289720000386],[124.87777059900009,6.4876179030000571],[124.8780228280001,6.4875815590000343],[124.87818436500004,6.4875683640000261],[124.87833373800004,6.48755690400003],[124.87858127400011,6.4875308190000283],[124.87893971100004,6.4874939640000662],[124.87911479200011,6.487476852000043],[124.87935367300008,6.4874185210000519],[124.87950258000001,6.4873507610000729],[124.87963619800007,6.4872721070000239],[124.87984054000003,6.4871503030000213],[124.88000972700002,6.4870443380000324],[124.88013305200002,6.4869803550000711],[124.88021909600002,6.4869305380000242],[124.88032411200004,6.4868936230000713],[124.88041213500003,6.4868819910000752],[124.88054174800004,6.4868656880000231],[124.88067345800005,6.4868367500000659],[124.88076450700009,6.486805008000033],[124.88085266700011,6.4867554480000535],[124.88099214100009,6.4866612420000251],[124.8810590600001,6.486636901000054],[124.88111101800007,6.486630089000073],[124.88121185600005,6.4866215420000231],[124.88130641800001,6.4866310490000387],[124.88137696700005,6.486636168000075],[124.88147437800001,6.4866618680000556],[124.88157773400007,6.4866828030000647],[124.88171684400004,6.4867358640000248],[124.88184034400001,6.4868029640000486],[124.88195883900005,6.4869039810000686],[124.88203586600002,6.4869951460000266],[124.88208133100011,6.4870796760000644],[124.88209425500008,6.4871656370000323],[124.88209395600006,6.4872406300000307],[124.88204469200002,6.4873889070000246],[124.88205089000007,6.4874350070000446],[124.88208594600007,6.4874721000000477],[124.88214742800005,6.4874940890000516],[124.88228486500009,6.4875480180000409],[124.88253889700002,6.4875903060000724],[124.88261337100005,6.4875873410000509],[124.88268616300002,6.4875668830000564],[124.88283478700009,6.487514873000066],[124.8829541560001,6.4874638480000613],[124.88300304800009,6.4874474610000448],[124.88307734200009,6.4874302160000639],[124.8832413560001,6.4874052740000252],[124.88343830300005,6.4873914560000685],[124.88361801800011,6.4873877770000377],[124.88390141800005,6.4873829300000239],[124.88410915400004,6.4874177250000571],[124.88421354700006,6.4874532600000521],[124.88436424100007,6.4875174210000637],[124.88443200000006,6.4875563640000564],[124.88455723000004,6.4876309720000336],[124.88469084300004,6.487660442000049],[124.88479725600007,6.4876679420000301],[124.88488393800003,6.4876740500000665],[124.88500165200003,6.4876623600000585],[124.88519807300008,6.4876332100000695],[124.88528693900003,6.4876158950000331],[124.88541251800007,6.4876039110000647],[124.88550624600009,6.4876094420000641],[124.8855861940001,6.4876087000000666],[124.88568461400007,6.4875901150000459],[124.88574859800008,6.4875671490000286],[124.88581344800002,6.4875070480000545],[124.88585129000012,6.487443072000076],[124.88587461200007,6.4873683900000287],[124.88588129200002,6.4872901460000207],[124.88588110800004,6.4870536170000719],[124.88589415500007,6.4869126250000591],[124.88592290600002,6.4867737750000742],[124.88594672900001,6.4866963820000478],[124.88599242500004,6.4866254320000394],[124.88603661400009,6.4865771800000402],[124.88608341600002,6.486547832000042],[124.88614843700009,6.4865274220000515],[124.8862745350001,6.4865003410000668],[124.88641871900006,6.4864869620000718],[124.8866431890001,6.4864720140000713],[124.88676177100001,6.4864457510000761],[124.88687705500001,6.4864118750000443],[124.8870279250001,6.4863692280000578],[124.8871465950001,6.4863396360000252],[124.88724549600011,6.4863124670000616],[124.88730357000009,6.4863081410000518],[124.88736071800008,6.4863160960000528],[124.8874285170001,6.4863361800000234],[124.88752148000003,6.4863807690000499],[124.88756881800009,6.4864182790000768],[124.88762143800011,6.4864904050000405],[124.88767814700009,6.4865631320000716],[124.88773790800008,6.4866517220000333],[124.88780407600007,6.486710477000031],[124.88785713600009,6.4867376570000488],[124.88792141500005,6.4867734170000517],[124.8879841050001,6.4867782200000761],[124.88805872400008,6.4867839370000411],[124.88815877100001,6.486768358000063],[124.88824224300004,6.4867669630000364],[124.88834552100002,6.4867709370000739],[124.88844194000001,6.4867627070000253],[124.88854198100012,6.4867468120000353],[124.8888141330001,6.4867235520000577],[124.88920324700007,6.4866809690000764],[124.88947897900005,6.4866144740000209],[124.88966136600004,6.4865497980000555],[124.88973982300001,6.486485966000032],[124.88981835400011,6.4864075610000214],[124.88988063400006,6.4863537010000414],[124.88997245100006,6.4863179480000213],[124.89009687300006,6.486315583000021],[124.89022023700011,6.4863362070000221],[124.89037385300003,6.4863860470000532],[124.8905466650001,6.486479197000051],[124.89072233500008,6.4866076280000584],[124.89090116200009,6.486722228000076],[124.89092952600004,6.4867750950000413],[124.89094098800001,6.4868383210000502],[124.8909423450001,6.4869377650000501],[124.8909705960001,6.4870316110000203],[124.89102333400001,6.4871082240000533],[124.89113232600005,6.4872119730000577],[124.89128061500003,6.4873150140000462],[124.89171076000002,6.4875637300000335],[124.8919499540001,6.4876836340000636],[124.89213241300001,6.4877621130000307],[124.89227995700003,6.487798815000076],[124.89246226000012,6.4878206770000588],[124.89265635100003,6.4878155620000371],[124.89279753300002,6.487792756000033],[124.89292104700007,6.487748100000033],[124.89302168600011,6.4876876390000575],[124.89320625700009,6.4876256920000515],[124.89334778000011,6.4875958700000638],[124.89349839600004,6.4875982750000389],[124.89370439000004,6.4876047990000529],[124.89426530100002,6.4874778930000616],[124.89467791300001,6.4874778930000616],[124.89532940600009,6.4873258780000356],[124.89567686900011,6.4871955790000584],[124.89624149500003,6.4870435640000323],[124.89674097300008,6.4870218480000403],[124.89737074900006,6.4867395340000371],[124.89806567400001,6.4864137880000499],[124.89850000300009,6.4861749080000664],[124.89921664400003,6.4857188630000451],[124.90060649500003,6.4844593110000233],[124.9008888080001,6.4839815500000668],[124.90114940500007,6.4833734900000763],[124.90149686800009,6.4829174450000551],[124.90188776400009,6.4826785650000716],[124.90238724100004,6.4824831170000721],[124.90279985300003,6.4822659530000237],[124.90332104700008,6.4820053560000588],[124.90395082300006,6.4818533410000327],[124.9046674650001,6.4818316240000513],[124.90525380800011,6.4818316240000513],[124.90573156900007,6.4818316240000513],[124.90599216600003,6.4815710270000295],[124.90630387900001,6.4809676230000264],[124.90651794900009,6.4804831490000652],[124.9068334210001,6.4801902110000356],[124.90713762500002,6.4799874080000563],[124.90799390500001,6.4797282700000665],[124.90832064400001,6.4797057370000744],[124.90917692300002,6.4796944700000267],[124.90996560200006,6.4797733380000295],[124.91032614100004,6.47981840500006],[124.91047261000006,6.4798296720000508],[124.91082188200005,6.479886006000072],[124.91110355300009,6.4799198070000443],[124.91139649100012,6.47981840500006],[124.91165562800006,6.4795142000000396],[124.9117570300001,6.4791761950000364],[124.91173449600001,6.4788719900000729],[124.91182463100006,6.4785677860000419],[124.91243304000011,6.4783987830000456],[124.91266964400006,6.478376249000064],[124.91301891600006,6.4782523140000308],[124.91323298600003,6.4780157110000687],[124.91350926100006,6.4777770360000204],[124.91465715200002,6.4793412790000389],[124.91608525100003,6.4813658180000289],[124.91636375300004,6.4817845630000761],[124.91678249900008,6.4824242910000294],[124.91737330000001,6.4832493900000259],[124.91500846000008,6.4849375800000644],[124.90860291500007,6.4896981340000366],[124.90896564400009,6.4902467460000253],[124.9099625130001,6.4916636430000381],[124.9105676910001,6.492545878000044],[124.91158865000011,6.4939736090000224],[124.91273921400011,6.4957000590000575],[124.90069220200007,6.5037148070000512],[124.90233497600002,6.5063034220000304],[124.90403350300005,6.5087390480000522]]]},"properties":{"brgy_name":"New Pangasinan (Bo. 4)","brgy_code":"126306014","city_name":"City of Koronadal","prov_name":"South Cotabato","psgc_10d":"1206306014"}},{"type":"Feature","geometry":{"type":"Polygon","coordinates":[[[124.82893131800006,6.5014295130000619],[124.82441628400011,6.5053590560000316],[124.82222069400007,6.5102456520000374],[124.82035162700004,6.5122047940000698],[124.81826863100002,6.5137811150000289],[124.81641082400006,6.5157177380000348],[124.81413995700007,6.5133472480000592],[124.81252476600002,6.5108947280000393],[124.81045681900002,6.5078178330000469],[124.8018518770001,6.5008579530000361],[124.79375007300007,6.491900949000069],[124.78578088200004,6.4830153520000522],[124.79375310800003,6.4728918910000743],[124.79590434300007,6.474030780000021],[124.80566806600007,6.4684278360000462],[124.8130812930001,6.4641749160000472],[124.82281900300006,6.4780942410000648],[124.82050780100008,6.4792649990000655],[124.82372894100001,6.4829849680000393],[124.82424359800007,6.4829175880000207],[124.82436269100003,6.4829060380000669],[124.82451584000012,6.4829108250000331],[124.82467076400007,6.4829306270000302],[124.82484440300004,6.4829697860000692],[124.8249806880001,6.483031095000058],[124.82511315200009,6.4831119360000571],[124.8252371320001,6.4832103420000635],[124.82544872400001,6.4833937670000523],[124.82571779400007,6.4836201580000647],[124.82580887000006,6.4836809060000746],[124.82589722600005,6.4837185810000619],[124.82601384600002,6.4837531490000515],[124.82616711900005,6.4837687000000415],[124.82632748500009,6.4837843750000275],[124.82648377100008,6.4837727890000565],[124.8266694560001,6.4837385920000656],[124.82695852600011,6.4836732570000208],[124.82710606900002,6.483650841000042],[124.8272631860001,6.4836402010000711],[124.82740327600004,6.4836552950000623],[124.82749344100012,6.4836764280000239],[124.82766185700007,6.4837479610000628],[124.82801016600001,6.4839444620000677],[124.82846826200011,6.4842867880000767],[124.82866172200011,6.4844532490000688],[124.82879468300007,6.484612840000068],[124.82886948500004,6.4847259820000431],[124.82891684900005,6.4848221050000348],[124.82893972800002,6.4849003170000401],[124.82896204100007,6.4850054570000566],[124.82897874300011,6.4851763410000558],[124.82899182000006,6.4853786850000574],[124.82898364100004,6.4859544680000454],[124.82901719900008,6.4862858370000254],[124.8290480500001,6.4864237450000246],[124.82910212000002,6.4865536550000229],[124.82920744400008,6.486761437000041],[124.82929475100002,6.4868999250000456],[124.82938015700006,6.48700929000006],[124.82949346400005,6.487141920000056],[124.8296132480001,6.4872486200000594],[124.82972708200009,6.4873254020000672],[124.82983216800005,6.4873839270000531],[124.82999518200006,6.487447014000054],[124.83017848700001,6.48747039400007],[124.83033516000012,6.487454653000043],[124.83049815100003,6.4874037480000766],[124.8309209250001,6.4871952160000319],[124.83122426500006,6.4870403420000571],[124.83146027500004,6.4869501020000371],[124.83167060700009,6.4868972950000625],[124.83185281600004,6.4868831250000767],[124.83200154300005,6.4868879690000654],[124.83215488100006,6.4869132830000353],[124.83231690400009,6.4869597140000224],[124.83244323100007,6.4870092380000415],[124.83253285400008,6.4870657980000601],[124.83265965200007,6.4871486770000502],[124.83276209100006,6.4872268940000595],[124.83285072800004,6.4873199730000692],[124.83291886800009,6.4874615650000464],[124.83294325200006,6.4875671410000564],[124.83294651500012,6.4876943580000557],[124.83293570400008,6.4878656560000536],[124.83289355600004,6.4879750330000547],[124.83280803600007,6.4880971490000547],[124.83267794300002,6.488208959000076],[124.83254929400005,6.4882723150000743],[124.83245227200007,6.4883051480000518],[124.83234313700007,6.4883280740000373],[124.83224223600007,6.488359780000053],[124.83215556100004,6.4884156160000543],[124.8320720910001,6.4885102860000643],[124.83202035700003,6.4885840080000321],[124.83196957500002,6.4886849220000613],[124.83192419800002,6.4888012570000342],[124.83189512600006,6.4889361920000397],[124.83189115700009,6.4890454180000461],[124.83189920900008,6.4891520050000508],[124.83191490100012,6.4892720420000387],[124.83195151600012,6.4894022270000278],[124.83200194900007,6.4895056220000242],[124.83136049100005,6.4921228830000359],[124.83029235800007,6.4947668920000297],[124.82934648100002,6.4960011540000551],[124.82959918300003,6.4964433820000522],[124.82868313800009,6.497138312000061],[124.82754598000008,6.4981491190000611],[124.8272136280001,6.4992226630000687],[124.82893131800006,6.5014295130000619]]]},"properties":{"brgy_name":"Paraiso","brgy_code":"126306015","city_name":"City of Koronadal","prov_name":"South Cotabato","psgc_10d":"1206306015"}},{"type":"Feature","geometry":{"type":"Polygon","coordinates":[[[124.90917355800002,6.5186133480000308],[124.9043611940001,6.5219427100000757],[124.90053893100003,6.5245636900000363],[124.89532040600011,6.5281887530000517],[124.89500051500011,6.527735281000048],[124.89200780500005,6.5298016120000284],[124.89040783400003,6.530906127000037],[124.88966687700008,6.5297772110000665],[124.88941394200003,6.5294483680000326],[124.88888548600005,6.5287720080000327],[124.88868729000001,6.5285110790000545],[124.88860066000007,6.5282578520000243],[124.88781432500002,6.5271316610000554],[124.88650154600009,6.5252191340000536],[124.88593511800002,6.524432799000067],[124.88478227100006,6.5229734140000346],[124.88200202300004,6.521071437000046],[124.8818635020001,6.5210075770000344],[124.8806306890001,6.5199413600000753],[124.87958446300001,6.5193815960000734],[124.87839163300009,6.5187551940000503],[124.87729876100002,6.5181754380000712],[124.87613925000005,6.5173957670000391],[124.87555561400006,6.5167175090000455],[124.87617049200003,6.5161133830000608],[124.87738511700002,6.5118479280000656],[124.88193414800003,6.5088475030000268],[124.88655577000009,6.5057018970000513],[124.89095961900011,6.5027256690000286],[124.89252351000005,6.5048169050000411],[124.89325621100011,6.5058911470000567],[124.89426779100006,6.5073601360000453],[124.8956664100001,6.5093481100000758],[124.89771595800005,6.512400441000068],[124.89806781100003,6.5128754430000413],[124.89972005800007,6.5117201900000623],[124.9033734730001,6.5091809790000639],[124.90403350300005,6.5087390480000522],[124.90545956800008,6.5107915160000402],[124.90637251600003,6.5121242870000628],[124.90731212000003,6.5133704280000302],[124.90751869900009,6.5137969150000572],[124.90814748800005,6.5147356020000302],[124.90896479100002,6.5158727190000718],[124.90956888400001,6.5166900210000449],[124.90969292700004,6.5169098110000618],[124.91034954200006,6.5177702850000401],[124.90982157000008,6.5181372480000732],[124.90917355800002,6.5186133480000308]]]},"properties":{"brgy_name":"Rotonda","brgy_code":"126306020","city_name":"City of Koronadal","prov_name":"South Cotabato","psgc_10d":"1206306020"}},{"type":"Feature","geometry":{"type":"Polygon","coordinates":[[[124.8695824130001,6.4705186090000666],[124.86848470400002,6.4714234110000461],[124.86768592900012,6.4721341450000409],[124.86593423300008,6.4736433930000317],[124.86480273000006,6.4745876160000648],[124.86474777400008,6.47463472000004],[124.86390965900011,6.4753528600000436],[124.8634563060001,6.4757410550000714],[124.86304707500005,6.4760816570000657],[124.86189663300001,6.4770536560000664],[124.86144740700001,6.4774436700000706],[124.86064554800009,6.478150873000061],[124.85984428600011,6.4788254510000343],[124.85904003700011,6.4795285020000506],[124.85847451900008,6.4800219930000367],[124.85775080100007,6.4806495830000586],[124.8575253780001,6.4808389830000692],[124.85708823500011,6.4812070330000324],[124.85678844300003,6.4814581360000716],[124.85598208400006,6.4821327270000211],[124.85569086900011,6.4823814040000229],[124.85514716300008,6.4828458400000386],[124.85431050800003,6.4835487260000377],[124.85356654700001,6.4841695920000575],[124.85272029100008,6.4831566620000558],[124.85024781800007,6.4802407280000693],[124.84964285300009,6.4795340910000618],[124.84937166400005,6.4792294870000546],[124.84919459500009,6.4790102140000272],[124.8483762620001,6.4779384940000568],[124.84787607500004,6.4773269780000646],[124.84768957300003,6.4771141310000644],[124.84740316800003,6.4767809890000763],[124.84687916200005,6.4761797550000324],[124.84678017400006,6.4760937990000684],[124.84670292100009,6.4760267160000353],[124.84303425200005,6.4715094590000604],[124.83964279700001,6.4673612330000765],[124.84009804400011,6.46694552200006],[124.84049217500001,6.4665941450000446],[124.8412673150001,6.4659030880000614],[124.84159629600003,6.4654512340000565],[124.84527747600009,6.4603256730000567],[124.85265383000001,6.4499528070000451],[124.86310696400005,6.4615919390000727],[124.86359043300001,6.4621634880000443],[124.86514819600006,6.4640670290000344],[124.86697902000003,6.4662080410000726],[124.86952155500012,6.4689957580000623],[124.87026689000004,6.4698821900000212],[124.8695824130001,6.4705186090000666]]]},"properties":{"brgy_name":"San Isidro","brgy_code":"126306021","city_name":"City of Koronadal","prov_name":"South Cotabato","psgc_10d":"1206306021"}},{"type":"Feature","geometry":{"type":"Polygon","coordinates":[[[124.9335536100001,6.5662654580000321],[124.91629619800005,6.577296666000052],[124.90607991000002,6.5737813450000431],[124.90582650700003,6.5737560050000639],[124.90263363200006,6.5717794630000412],[124.90239548200009,6.5715551880000476],[124.90233871600003,6.5714483350000705],[124.89439369700005,6.566768570000022],[124.88128781900002,6.5552898320000281],[124.88388306000002,6.551315230000057],[124.88694421800005,6.5466085460000727],[124.88608644100009,6.5461994680000544],[124.88442612900008,6.5454130630000691],[124.88600056400003,6.5423660320000749],[124.88747906600008,6.5394594320000579],[124.88812311000004,6.5379753300000516],[124.88824631800003,6.5362224090000609],[124.88837184700003,6.5346867060000591],[124.88884278000012,6.5350771980000673],[124.88910884900008,6.5352565680000225],[124.88969131100009,6.5356236340000464],[124.89215249600011,6.5369164220000471],[124.89291217500011,6.5373029260000521],[124.89500462600006,6.5383691430000681],[124.89516455800003,6.538720106000028],[124.90079611900001,6.5376780410000492],[124.90348531000006,6.5366603660000351],[124.92445572400004,6.5307403260000569],[124.95040559800009,6.5576935800000342],[124.93569411300007,6.5648972150000304],[124.9335536100001,6.5662654580000321]]]},"properties":{"brgy_name":"San Jose (Bo. 5)","brgy_code":"126306022","city_name":"City of Koronadal","prov_name":"South Cotabato","psgc_10d":"1206306022"}},{"type":"Feature","geometry":{"type":"Polygon","coordinates":[[[124.92298628700007,6.4564499300000762],[124.91483001800009,6.4531951760000652],[124.91209603200002,6.4520746900000745],[124.9114586280001,6.4517840410000531],[124.90934189400002,6.4567817050000258],[124.90767197900004,6.4608443620000457],[124.90203593300009,6.4584241120000456],[124.8992795370001,6.4645867860000408],[124.89697604700007,6.4637475820000532],[124.8949499470001,6.4628147360000412],[124.89278523400003,6.4619058070000506],[124.88989936300004,6.4607186430000638],[124.88824891600007,6.4600478470000553],[124.88444362300004,6.4586621970000238],[124.88444362300004,6.4582132620000721],[124.88454925500002,6.4576851020000277],[124.88478692600006,6.4574474310000483],[124.88523586200006,6.4568928630000642],[124.88571120500001,6.4563118880000729],[124.88597528500009,6.4556780960000424],[124.88637140500009,6.4546745930000498],[124.88703160400007,6.4537767220000433],[124.88795588300002,6.4529844830000229],[124.8887217140001,6.4523242840000421],[124.88890657000002,6.451769716000058],[124.88864249000005,6.450845437000055],[124.88822360200004,6.4500043520000645],[124.88764635100006,6.4495667590000494],[124.8874787630001,6.449101234000068],[124.88752531500006,6.4481981160000714],[124.8877208350001,6.4478536270000291],[124.8882701550001,6.4475184490000288],[124.8889498210001,6.4474346550000519],[124.88968535100003,6.4476115540000478],[124.89025329100002,6.4477325910000332],[124.89078398900006,6.447602244000052],[124.8914077930001,6.4472484450000707],[124.89206883800011,6.4469877510000515],[124.89290678300006,6.4469877510000515],[124.8934281710001,6.4468667140000662],[124.89372610700002,6.4467084360000513],[124.89380059100006,6.4465780890000701],[124.89372610700002,6.4463080840000657],[124.89363300200012,6.4462149790000467],[124.89327920300002,6.4458891120000317],[124.89315816700002,6.4454142770000544],[124.89321403000008,6.4448090940000498],[124.89343748100009,6.4443249480000304],[124.89405197400004,6.4438314920000721],[124.89466646700009,6.4434497610000676],[124.89531820200011,6.4432542410000337],[124.89620270000012,6.4428538900000376],[124.89655649800011,6.4426583690000712],[124.89671477700006,6.4423790540000709],[124.89680788200008,6.4420904290000749],[124.89689167600011,6.4419228400000748],[124.89679857100009,6.4415876620000745],[124.89647270400008,6.441029032000074],[124.89614683700006,6.4406473010000695],[124.89568131200008,6.4402003970000692],[124.89522509700009,6.4399583250000205],[124.89495509300002,6.439688320000073],[124.89458267300006,6.4391483110000536],[124.89447094700006,6.4385524390000342],[124.89446163600007,6.4379100150000568],[124.89448025700005,6.4374351790000333],[124.89449887800004,6.4368858600000749],[124.8945560300001,6.4364820120000559],[124.8946593500001,6.4363593210000545],[124.89482078600008,6.435965417000034],[124.89489181800002,6.4358427250000432],[124.89499513700002,6.4356748320000747],[124.89518240200005,6.4354488210000227],[124.89534383900002,6.4352744700000244],[124.89542778500004,6.4350484600000755],[124.89538904100004,6.4348353640000369],[124.89519531700012,6.434564152000064],[124.89496284900008,6.4344220880000762],[124.89463352000007,6.4342671090000749],[124.89444625400006,6.4342348220000645],[124.89441396700011,6.434312311000042],[124.89441396700011,6.4344414600000732],[124.89438813700008,6.4345383220000372],[124.8943106480001,6.4346674710000684],[124.89416212600008,6.4347320450000325],[124.89397486100006,6.4347707900000728],[124.89372302000004,6.4347126730000355],[124.89359387100001,6.4344672900000432],[124.89356158400005,6.4342606520000345],[124.89355512700001,6.4339313220000349],[124.89355512700001,6.4336407370000757],[124.89347118000001,6.4333114070000761],[124.89343243500002,6.4330595670000434],[124.89340660500011,6.4328658440000481],[124.89332265900009,6.432665663000023],[124.89332265900009,6.4324202800000307],[124.89340014800007,6.4321426100000281],[124.89349701000003,6.4319295150000357],[124.89371656300011,6.4318068230000449],[124.89399423300006,6.4315614400000527],[124.89418795600011,6.4313483450000604],[124.89425253100001,6.4310965040000383],[124.89429773300003,6.4306573980000508],[124.89439459400012,6.4304184730000316],[124.89454311600002,6.429992281000068],[124.89474975400003,6.4296500370000444],[124.89493702000004,6.4294433990000357],[124.89525989200001,6.4293077920000314],[124.89542778500004,6.4292819630000508],[124.89560213600009,6.429256133000024],[124.89577003000011,6.4293142500000613],[124.89592500900005,6.4294046540000522],[124.89604770000005,6.42952088800007],[124.89617684900008,6.4298114730000293],[124.89626725300002,6.4300310260000515],[124.89641577400005,6.430424930000072],[124.89642223200008,6.4307219730000611],[124.89644806100011,6.4308446640000625],[124.89653846600004,6.4309544410000399],[124.89668698700007,6.4309673550000639],[124.89679676300011,6.4309673550000639],[124.89700985900004,6.4308769510000729],[124.89727461400003,6.4306961430000342],[124.89736501800007,6.4305153340000629],[124.89747479500011,6.4302182920000632],[124.89748125200003,6.4298889620000637],[124.89750708200006,6.4296887820000279],[124.8974941670001,6.4293077920000314],[124.89741022100009,6.429120527000066],[124.89734483900008,6.4289566690000584],[124.89714465800012,6.4287694030000466],[124.89689281800008,6.4286402540000722],[124.89661514800002,6.4285498500000244],[124.89629227600005,6.4284400730000471],[124.89615666900011,6.4283109250000621],[124.89599523300001,6.428039712000043],[124.89584025500005,6.4278718180000283],[124.8957199780001,6.42757888400007],[124.8955566190001,6.4272270320000757],[124.89621416800003,6.4275629610000351],[124.91265511200004,6.4349330390000432],[124.92318786100009,6.4387449440000637],[124.9210041340001,6.4450945500000216],[124.91808130000004,6.4463711900000362],[124.91794691700011,6.4512761770000679],[124.92490124700009,6.4523512420000202],[124.92298628700007,6.4564499300000762]]]},"properties":{"brgy_name":"San Roque","brgy_code":"126306023","city_name":"City of Koronadal","prov_name":"South Cotabato","psgc_10d":"1206306023"}},{"type":"Feature","geometry":{"type":"Polygon","coordinates":[[[124.85356654700001,6.4841695920000575],[124.85332128700009,6.4843858000000409],[124.85289585800001,6.4847386390000565],[124.85255567200011,6.485068449000039],[124.85251879500004,6.4851053480000473],[124.85245827500012,6.485140010000066],[124.8523869820001,6.4851774520000731],[124.85229732000005,6.4852406630000701],[124.85220676900008,6.4853439370000387],[124.85211116900007,6.4854339280000204],[124.85183454100002,6.4856957150000767],[124.85141307900005,6.4860527720000505],[124.85096026100007,6.4864370330000725],[124.85041363900007,6.4868945270000609],[124.85001744900001,6.4872462990000486],[124.84968999700004,6.4875343860000498],[124.84916111600012,6.4879800440000395],[124.84872090100009,6.4883499230000439],[124.84843156300008,6.4885929710000596],[124.84809535600004,6.4888755680000259],[124.8480952110001,6.4888756890000536],[124.84738689000005,6.4894707600000743],[124.84738674500011,6.4894708810000452],[124.84706779900011,6.4897378260000664],[124.84706765400006,6.4897379470000374],[124.84686482800009,6.4899068430000284],[124.84686468300004,6.4899069640000562],[124.84638170800008,6.4903085130000591],[124.8463815660001,6.4903086360000657],[124.84628488400006,6.4903958530000523],[124.84593775400003,6.490678034000041],[124.84593760900009,6.4906781550000687],[124.84572592000006,6.4908583200000294],[124.84572577600011,6.4908584420000466],[124.84556111900008,6.4909985120000329],[124.84556097500001,6.4909986340000501],[124.84520482300002,6.4913018300000545],[124.84456131000002,6.4905272730000547],[124.84440740500008,6.490342035000026],[124.84396392600001,6.4898206840000512],[124.84369943400009,6.4895097360000591],[124.84335842300004,6.4890920990000609],[124.84324474100003,6.4889718330000505],[124.84312422100004,6.4888785430000553],[124.84304360100009,6.4888347450000765],[124.84300199400002,6.488819521000039],[124.84295770300002,6.4888024770000357],[124.84288683700004,6.4887834540000426],[124.84280976000002,6.4887744190000376],[124.84274558600009,6.4887717410000505],[124.84269706400005,6.4887792880000461],[124.84265004800011,6.4887915240000211],[124.84247384100001,6.4888974680000615],[124.84109360900004,6.4900738090000232],[124.84102876100008,6.4899852900000496],[124.84089456300001,6.4898273640000639],[124.84075869300011,6.4896219980000751],[124.84067839800002,6.4896000710000408],[124.84064719500009,6.4895517240000231],[124.84061160300007,6.489499085000034],[124.84053617100005,6.4894248670000252],[124.84043468400012,6.4892945160000295],[124.84038607500008,6.4892903040000647],[124.84032849700009,6.4893121530000712],[124.84026225800005,6.4893079810000245],[124.84022732900007,6.4892603900000267],[124.84017922300006,6.4892172680000613],[124.84010431600007,6.4892218090000711],[124.84003363200009,6.4892436250000287],[124.83996304800007,6.4892567950000739],[124.83988833600006,6.4892526800000496],[124.83982757900003,6.4892053630000532],[124.83974905100001,6.4891797460000475],[124.83968910500005,6.4891024960000436],[124.83965997900009,6.4890210800000432],[124.83960797000009,6.488991153000029],[124.83954659000005,6.488991153000029],[124.83946452600003,6.4889399360000652],[124.83941774200002,6.4888845720000745],[124.83935660900011,6.4888803180000423],[124.83740082500003,6.4881132700000421],[124.83682507900005,6.4885494510000399],[124.83673030200009,6.4886323640000683],[124.83666845400012,6.4887127810000607],[124.83661108400008,6.4888196410000205],[124.83658453900011,6.4889021910000224],[124.83657852500005,6.4889294560000508],[124.83656413200003,6.4889999170000578],[124.83654121000006,6.4891596070000332],[124.83651072200007,6.4900885500000527],[124.83650792000003,6.4901771580000513],[124.83649925500004,6.4905175740000232],[124.8364924660001,6.4909277260000522],[124.83650264300002,6.4910523360000525],[124.83652579300008,6.491132384000025],[124.83656568900005,6.4912524140000301],[124.83662530600009,6.4913721560000681],[124.8367322580001,6.4916018690000215],[124.83682139900009,6.491850075000059],[124.83683608900003,6.491934466000032],[124.83683981000001,6.4920202940000422],[124.83681341500005,6.4921036830000389],[124.83677145100012,6.4921767310000291],[124.83663300800004,6.4923130660000652],[124.83515970600001,6.4905992710000646],[124.83493940200003,6.490395104000072],[124.8347699310001,6.490244955000037],[124.83463856900005,6.4901438760000474],[124.83454262500004,6.4900850340000602],[124.83438123600001,6.4899904550000542],[124.83422645200005,6.4899148030000333],[124.83408667700007,6.4898642470000709],[124.83389953500011,6.4898064580000323],[124.83374391200005,6.4897681580000608],[124.83359580500007,6.4897496940000678],[124.83344698800011,6.4897381170000585],[124.83326283700001,6.4897258150000425],[124.83249856000009,6.489706409000064],[124.83238566600005,6.4896977810000749],[124.83230326100011,6.489681934000032],[124.83216536600003,6.4896391170000243],[124.83207486900005,6.489581974000032],[124.83200731700003,6.4895218360000513],[124.83200194900007,6.4895056220000242],[124.83195151600012,6.4894022270000278],[124.83191490100012,6.4892720420000387],[124.83189920900008,6.4891520050000508],[124.83189115700009,6.4890454180000461],[124.83189512600006,6.4889361920000397],[124.83192419800002,6.4888012570000342],[124.83196957500002,6.4886849220000613],[124.83202035700003,6.4885840080000321],[124.8320720910001,6.4885102860000643],[124.83215556100004,6.4884156160000543],[124.83224223600007,6.488359780000053],[124.83234313700007,6.4883280740000373],[124.83245227200007,6.4883051480000518],[124.83254929400005,6.4882723150000743],[124.83267794300002,6.488208959000076],[124.83280803600007,6.4880971490000547],[124.83289355600004,6.4879750330000547],[124.83293570400008,6.4878656560000536],[124.83294651500012,6.4876943580000557],[124.83294325200006,6.4875671410000564],[124.83291886800009,6.4874615650000464],[124.83285072800004,6.4873199730000692],[124.83276209100006,6.4872268940000595],[124.83265965200007,6.4871486770000502],[124.83253285400008,6.4870657980000601],[124.83244323100007,6.4870092380000415],[124.83231690400009,6.4869597140000224],[124.83215488100006,6.4869132830000353],[124.83200154300005,6.4868879690000654],[124.83185281600004,6.4868831250000767],[124.83167060700009,6.4868972950000625],[124.83146027500004,6.4869501020000371],[124.83122426500006,6.4870403420000571],[124.8309209250001,6.4871952160000319],[124.83049815100003,6.4874037480000766],[124.83033516000012,6.487454653000043],[124.83017848700001,6.48747039400007],[124.82999518200006,6.487447014000054],[124.82983216800005,6.4873839270000531],[124.82972708200009,6.4873254020000672],[124.8296132480001,6.4872486200000594],[124.82949346400005,6.487141920000056],[124.82938015700006,6.48700929000006],[124.82929475100002,6.4868999250000456],[124.82920744400008,6.486761437000041],[124.82910212000002,6.4865536550000229],[124.8290480500001,6.4864237450000246],[124.82901719900008,6.4862858370000254],[124.82898364100004,6.4859544680000454],[124.82899182000006,6.4853786850000574],[124.82897874300011,6.4851763410000558],[124.82896204100007,6.4850054570000566],[124.82893972800002,6.4849003170000401],[124.82891684900005,6.4848221050000348],[124.82886948500004,6.4847259820000431],[124.82879468300007,6.484612840000068],[124.82866172200011,6.4844532490000688],[124.82846826200011,6.4842867880000767],[124.82801016600001,6.4839444620000677],[124.82766185700007,6.4837479610000628],[124.82749344100012,6.4836764280000239],[124.82740327600004,6.4836552950000623],[124.8272631860001,6.4836402010000711],[124.82710606900002,6.483650841000042],[124.82695852600011,6.4836732570000208],[124.8266694560001,6.4837385920000656],[124.82648377100008,6.4837727890000565],[124.82632748500009,6.4837843750000275],[124.82616711900005,6.4837687000000415],[124.82601384600002,6.4837531490000515],[124.82589722600005,6.4837185810000619],[124.82580887000006,6.4836809060000746],[124.82571779400007,6.4836201580000647],[124.82544872400001,6.4833937670000523],[124.8252371320001,6.4832103420000635],[124.82511315200009,6.4831119360000571],[124.8249806880001,6.483031095000058],[124.82484440300004,6.4829697860000692],[124.82467076400007,6.4829306270000302],[124.82451584000012,6.4829108250000331],[124.82436269100003,6.4829060380000669],[124.82424359800007,6.4829175880000207],[124.82372894100001,6.4829849680000393],[124.82050780100008,6.4792649990000655],[124.82281900300006,6.4780942410000648],[124.83109572400008,6.4740498230000298],[124.83385963500007,6.4721200750000207],[124.83964279700001,6.4673612330000765],[124.84303425200005,6.4715094590000604],[124.84670292100009,6.4760267160000353],[124.84678017400006,6.4760937990000684],[124.84687916200005,6.4761797550000324],[124.84740316800003,6.4767809890000763],[124.84768957300003,6.4771141310000644],[124.84787607500004,6.4773269780000646],[124.8483762620001,6.4779384940000568],[124.84919459500009,6.4790102140000272],[124.84937166400005,6.4792294870000546],[124.84964285300009,6.4795340910000618],[124.85024781800007,6.4802407280000693],[124.85272029100008,6.4831566620000558],[124.85356654700001,6.4841695920000575]]]},"properties":{"brgy_name":"Santa Cruz","brgy_code":"126306024","city_name":"City of Koronadal","prov_name":"South Cotabato","psgc_10d":"1206306024"}},{"type":"Feature","geometry":{"type":"Polygon","coordinates":[[[124.88655577000009,6.5057018970000513],[124.88193414800003,6.5088475030000268],[124.87738511700002,6.5118479280000656],[124.87167145400008,6.5037897930000668],[124.87048880400005,6.5022281810000209],[124.86829020000005,6.5025422670000239],[124.86804857200002,6.5026256100000523],[124.8678556430001,6.5026886830000308],[124.86765158300011,6.502748046000022],[124.8666119610001,6.5031055880000395],[124.86557080400007,6.5039514920000556],[124.86504558000001,6.5043727280000212],[124.86500903300009,6.5044029840000235],[124.86497345800001,6.504417543000045],[124.86493255100004,6.5044305340000506],[124.86488846700001,6.5044644790000348],[124.86425922500007,6.5050107430000708],[124.86116454300009,6.5014335950000373],[124.86114127100006,6.5014067090000367],[124.86067215800006,6.5008646040000713],[124.86095049400001,6.500622647000057],[124.86141291700005,6.5002199930000302],[124.86153250900009,6.5001156190000415],[124.85798454500002,6.4958311570000546],[124.85708364700008,6.494776732000048],[124.8564714690001,6.4940606100000764],[124.85572757900002,6.4931491830000709],[124.85419044100001,6.4913477680000256],[124.85481770300009,6.4908132680000676],[124.85508419000007,6.4905845250000311],[124.85548869400009,6.4902399160000641],[124.8556971050001,6.4900625100000298],[124.85670992300004,6.4891999530000248],[124.85708247900004,6.48889078600007],[124.85738383900002,6.4886312360000602],[124.85878067800002,6.4874265950000449],[124.85897808400011,6.4872590810000474],[124.85989195200011,6.4864834530000621],[124.86048680600004,6.4859785990000205],[124.86071328600008,6.4857864600000426],[124.86113543400006,6.4854266890000645],[124.86116101800008,6.4854005500000653],[124.86162993100004,6.4850053380000645],[124.86204619500006,6.4846505380000394],[124.86218589700002,6.4845317890000729],[124.86290831600002,6.4839160290000564],[124.86384562300009,6.4831172430000379],[124.86487002100012,6.4822444530000212],[124.86503448600001,6.4821043120000468],[124.86518019000005,6.4819804300000214],[124.86593179100009,6.4813415560000749],[124.86671046300012,6.4806793770000581],[124.86701342200001,6.4804217510000512],[124.86794089700004,6.4796334650000631],[124.87170309300006,6.4841350290000719],[124.87332055500008,6.4865873960000613],[124.87337939700001,6.4866776290000416],[124.87346365600001,6.486788597000043],[124.87538155700008,6.489709972000071],[124.87552439900003,6.4899270170000705],[124.87562457400008,6.4900828440000282],[124.87610166500008,6.4908070250000378],[124.87651856400009,6.4913546730000462],[124.8765465030001,6.4913941040000509],[124.8807121860001,6.4974948450000625],[124.88655577000009,6.5057018970000513]]]},"properties":{"brgy_name":"Santo Niño (Bo. 2)","brgy_code":"126306025","city_name":"City of Koronadal","prov_name":"South Cotabato","psgc_10d":"1206306025"}},{"type":"Feature","geometry":{"type":"Polygon","coordinates":[[[124.89620270000012,6.4428538900000376],[124.88975569700006,6.4421884480000244],[124.88645357300004,6.4418098210000494],[124.88511286100004,6.4416918880000367],[124.88057108300006,6.4414075650000768],[124.88038166400008,6.4441857200000641],[124.87089909300005,6.444182187000024],[124.86948171000006,6.4442274030000704],[124.86921245500002,6.4423874950000481],[124.86862906900001,6.4411758480000572],[124.86795593200009,6.4396949470000209],[124.86660965800002,6.4383935480000218],[124.86571214200001,6.4376306600000248],[124.86257083600003,6.4363741370000298],[124.86028217000012,6.435431746000063],[124.84772588300007,6.421918503000029],[124.84500280900011,6.4196991530000673],[124.84242617300004,6.4176631550000707],[124.83560863500009,6.4121029200000521],[124.82408943400003,6.4033441410000478],[124.81893199400008,6.3951651080000715],[124.81343088500012,6.3890754940000534],[124.82737466600008,6.3801026310000566],[124.83184975200004,6.3776533300000438],[124.8342059790001,6.3755743060000327],[124.83586919800007,6.3734952820000217],[124.83677010800011,6.3726636720000442],[124.8398886440001,6.3696837380000488],[124.84383878900007,6.3661493980000614],[124.8510045270001,6.3584120550000307],[124.85841639800003,6.3509538760000623],[124.86687495900003,6.341470035000043],[124.86865383800011,6.339575696000054],[124.88093305400002,6.3862594590000299],[124.88256463400012,6.3882984830000282],[124.8893545410001,6.3893597120000436],[124.90152766000006,6.3912048410000466],[124.90766708100011,6.3925891260000753],[124.90778081200006,6.3930895400000622],[124.9078490500001,6.3935672070000464],[124.90800827200007,6.3940448740000306],[124.90816749400005,6.3943633180000461],[124.90834946300004,6.3948637310000436],[124.90853143100003,6.3951594300000352],[124.90882713000008,6.3954323830000703],[124.90937303500004,6.3956143510000629],[124.90982795600007,6.3958190660000582],[124.91023738500007,6.3960465260000205],[124.91031336000003,6.396202282000047],[124.91028572700009,6.3963404480000463],[124.9101199270001,6.3964509810000436],[124.91003702800003,6.3965407890000279],[124.91003011900011,6.3967273130000422],[124.91005541700008,6.3968653840000229],[124.91016828600004,6.3970036460000301],[124.91023736900001,6.3971418120000294],[124.91026013100009,6.3972975590000374],[124.91021664400012,6.3974803190000671],[124.90985070200009,6.3977979720000349],[124.9094640190001,6.3981164170000397],[124.90923655900008,6.3985940840000239],[124.90919106700005,6.3990490050000517],[124.9092820510001,6.3995949100000757],[124.90957775000004,6.3997996240000248],[124.90982795600007,6.4000725770000599],[124.91003267100007,6.4004592600000478],[124.91023738500007,6.4009141810000756],[124.91039660700005,6.4013463560000332],[124.91026862000001,6.4014261940000665],[124.90998560200001,6.4014029330000426],[124.90960953700005,6.4013525320000326],[124.90911328600009,6.4013486550000493],[124.9087449750001,6.4014300710000498],[124.90857826500007,6.4014339480000331],[124.90790755100011,6.4015231180000569],[124.90730662200008,6.4018100140000342],[124.90696157200011,6.4020387540000456],[124.90664366100009,6.4023140190000731],[124.90646919800008,6.4025350050000611],[124.90622882700006,6.4032483660000707],[124.90616291800006,6.4035120000000347],[124.90608150200001,6.4040043740000669],[124.90613190200008,6.404457978000039],[124.90628310400007,6.4048650590000307],[124.90656224500003,6.4050860460000649],[124.90658163000012,6.4054310960000294],[124.90652347600007,6.4057916530000512],[124.90644981300011,6.4060824250000223],[124.90637227400009,6.4062723960000767],[124.90625984200005,6.4068423100000587],[124.90621331900002,6.4071912360000738],[124.90610476400002,6.407555670000022],[124.90602722500012,6.4076874870000324],[124.90605048600003,6.4081410920000508],[124.90632187400001,6.4086489740000729],[124.9063839050001,6.408796298000027],[124.90638002800006,6.4089552540000341],[124.90632575100005,6.4100175410000588],[124.90622495000002,6.4102501590000429],[124.90617454900007,6.4104207450000672],[124.90617499900009,6.4105643430000327],[124.90588597800001,6.4109413270000459],[124.90583571400009,6.411268046000032],[124.9058482800001,6.4116324640000357],[124.90574775100004,6.4121351090000758],[124.90562208900008,6.4123613000000432],[124.90472989400007,6.4128639450000264],[124.90446600500002,6.4129896060000533],[124.90401362500006,6.4130775690000519],[124.90377486800003,6.4131152670000233],[124.90346071500005,6.4131655320000505],[124.90312142900007,6.413253495000049],[124.90275701200005,6.4133665900000665],[124.90236746200003,6.4134922510000365],[124.90204074200005,6.4136430450000717],[124.90180198600001,6.413894368000058],[124.90158836100011,6.4142462190000629],[124.90150039800005,6.414522674000068],[124.90143756800001,6.4147991290000732],[124.90128677400003,6.4154023030000644],[124.90119881100009,6.4158798160000288],[124.9012113770001,6.4162819320000608],[124.90128677400003,6.4167343130000631],[124.90138730300009,6.4170861650000575],[124.90150039800005,6.4174380160000624],[124.9015757950001,6.4176516410000204],[124.90165119200003,6.4178652650000458],[124.90162606000001,6.4181919840000319],[124.90167632400005,6.4184181750000562],[124.90163862600002,6.4186192330000722],[124.90148783200004,6.4186317990000248],[124.90136217100007,6.4185312700000736],[124.90118624500008,6.4184684390000371],[124.90109828200002,6.4184684390000371],[124.90088465800011,6.4185187040000642],[124.90073386400002,6.4186946300000614],[124.9006961660001,6.4189585180000677],[124.90072129800001,6.4192349730000728],[124.90074643100002,6.4195616930000483],[124.90074643100002,6.4201774330000489],[124.90074643100002,6.4204664540000635],[124.90067103400008,6.4207931730000496],[124.90040714500003,6.4211450250000439],[124.9001558220001,6.4212329880000425],[124.89985423500002,6.4212329880000425],[124.89957778000007,6.4212329880000425],[124.89925106100009,6.4212078560000236],[124.89894947400012,6.4211952900000711],[124.89861018800002,6.4211952900000711],[124.89830860100005,6.4212581200000614],[124.89809497700003,6.4213083850000316],[124.8978436540001,6.4214968770000382],[124.89771799300001,6.4216979350000543],[124.89764259600008,6.4218110300000717],[124.89773055900002,6.4221377490000577],[124.89786878700011,6.4223388080000632],[124.89804471200011,6.4225147330000709],[124.89814524200006,6.4227534900000478],[124.89810754300004,6.4229419820000544],[124.89800701400009,6.423155606000023],[124.89795675000005,6.423356664000039],[124.89786878700011,6.4236456850000536],[124.89781852200008,6.4240226690000668],[124.89781852200008,6.4243368220000434],[124.89764259600008,6.4247012400000472],[124.89751693500011,6.4250028270000712],[124.89747923700008,6.4251159220000318],[124.89722791400004,6.4252792820000764],[124.8969640250001,6.4254175100000452],[124.89671270300005,6.4255431710000721],[124.89647394600001,6.4255557370000247],[124.89624775600009,6.4255431710000721],[124.89599643300005,6.4254426420000641],[124.89590847000011,6.4253169810000372],[124.89578280900002,6.4252038850000304],[124.8955566190001,6.4249776950000523],[124.89541839100002,6.4248143350000646],[124.89526759800003,6.4246635420000757],[124.89509167200004,6.4245378800000594],[124.89494087800006,6.4244876160000217],[124.89462672500008,6.4244876160000217],[124.89451363000001,6.4245755790000203],[124.89452619600002,6.4250656580000509],[124.89452619600002,6.4252290180000386],[124.89467698900012,6.4257065310000598],[124.89484034900011,6.4261463450000633],[124.89486548100001,6.4262971390000416],[124.89500370900009,6.4265358950000291],[124.89528016400004,6.4267997840000248],[124.89544352300004,6.4270008420000408],[124.8955566190001,6.4272270320000757],[124.8957199780001,6.42757888400007],[124.89584025500005,6.4278718180000283],[124.89599523300001,6.428039712000043],[124.89615666900011,6.4283109250000621],[124.89629227600005,6.4284400730000471],[124.89661514800002,6.4285498500000244],[124.89689281800008,6.4286402540000722],[124.89714465800012,6.4287694030000466],[124.89734483900008,6.4289566690000584],[124.89741022100009,6.429120527000066],[124.8974941670001,6.4293077920000314],[124.89750708200006,6.4296887820000279],[124.89748125200003,6.4298889620000637],[124.89747479500011,6.4302182920000632],[124.89736501800007,6.4305153340000629],[124.89727461400003,6.4306961430000342],[124.89700985900004,6.4308769510000729],[124.89679676300011,6.4309673550000639],[124.89668698700007,6.4309673550000639],[124.89653846600004,6.4309544410000399],[124.89644806100011,6.4308446640000625],[124.89642223200008,6.4307219730000611],[124.89641577400005,6.430424930000072],[124.89626725300002,6.4300310260000515],[124.89617684900008,6.4298114730000293],[124.89604770000005,6.42952088800007],[124.89592500900005,6.4294046540000522],[124.89577003000011,6.4293142500000613],[124.89560213600009,6.429256133000024],[124.89542778500004,6.4292819630000508],[124.89525989200001,6.4293077920000314],[124.89493702000004,6.4294433990000357],[124.89474975400003,6.4296500370000444],[124.89454311600002,6.429992281000068],[124.89439459400012,6.4304184730000316],[124.89429773300003,6.4306573980000508],[124.89425253100001,6.4310965040000383],[124.89418795600011,6.4313483450000604],[124.89399423300006,6.4315614400000527],[124.89371656300011,6.4318068230000449],[124.89349701000003,6.4319295150000357],[124.89340014800007,6.4321426100000281],[124.89332265900009,6.4324202800000307],[124.89332265900009,6.432665663000023],[124.89340660500011,6.4328658440000481],[124.89343243500002,6.4330595670000434],[124.89347118000001,6.4333114070000761],[124.89355512700001,6.4336407370000757],[124.89355512700001,6.4339313220000349],[124.89356158400005,6.4342606520000345],[124.89359387100001,6.4344672900000432],[124.89372302000004,6.4347126730000355],[124.89397486100006,6.4347707900000728],[124.89416212600008,6.4347320450000325],[124.8943106480001,6.4346674710000684],[124.89438813700008,6.4345383220000372],[124.89441396700011,6.4344414600000732],[124.89441396700011,6.434312311000042],[124.89444625400006,6.4342348220000645],[124.89463352000007,6.4342671090000749],[124.89496284900008,6.4344220880000762],[124.89519531700012,6.434564152000064],[124.89538904100004,6.4348353640000369],[124.89542778500004,6.4350484600000755],[124.89534383900002,6.4352744700000244],[124.89518240200005,6.4354488210000227],[124.89499513700002,6.4356748320000747],[124.89489181800002,6.4358427250000432],[124.89482078600008,6.435965417000034],[124.8946593500001,6.4363593210000545],[124.8945560300001,6.4364820120000559],[124.89449887800004,6.4368858600000749],[124.89448025700005,6.4374351790000333],[124.89446163600007,6.4379100150000568],[124.89447094700006,6.4385524390000342],[124.89458267300006,6.4391483110000536],[124.89495509300002,6.439688320000073],[124.89522509700009,6.4399583250000205],[124.89568131200008,6.4402003970000692],[124.89614683700006,6.4406473010000695],[124.89647270400008,6.441029032000074],[124.89679857100009,6.4415876620000745],[124.89689167600011,6.4419228400000748],[124.89680788200008,6.4420904290000749],[124.89671477700006,6.4423790540000709],[124.89655649800011,6.4426583690000712],[124.89620270000012,6.4428538900000376]]]},"properties":{"brgy_name":"Sarabia (Bo. 8)","brgy_code":"126306026","city_name":"City of Koronadal","prov_name":"South Cotabato","psgc_10d":"1206306026"}},{"type":"Feature","geometry":{"type":"Polygon","coordinates":[[[124.84272176600007,6.5088931460000481],[124.84224299400012,6.5093059410000365],[124.84146078500009,6.5099785110000425],[124.84119760800002,6.5102050380000378],[124.84096307200002,6.5104069250000407],[124.84034118300008,6.5109421970000767],[124.84007907800003,6.5111677940000732],[124.83979529400006,6.5114120560000401],[124.83612422100009,6.5067508190000467],[124.8366189410001,6.5063360680000528],[124.83756226100002,6.5055233310000631],[124.83795704700003,6.5051835670000742],[124.83887066300008,6.5043983080000203],[124.83979101800003,6.50362711300005],[124.84073792400011,6.5028091650000306],[124.84165636600005,6.5020166080000763],[124.84256404700011,6.5012346890000572],[124.84316694100005,6.5007414680000579],[124.84334742100009,6.50057664600007],[124.84351735700011,6.5004306660000566],[124.8436133780001,6.5005566890000637],[124.84365651300004,6.5006139420000295],[124.84372710700006,6.500706105000063],[124.8442751550001,6.5014355310000269],[124.84492447000002,6.5022281060000751],[124.8456259620001,6.5030522510000424],[124.84474135800008,6.5037631410000358],[124.84536836000007,6.5045424970000454],[124.84441794800011,6.5053809870000237],[124.84440758000005,6.5054483630000277],[124.8443545240001,6.5055474880000475],[124.84404783000002,6.5059782440000617],[124.84351842600006,6.5066052590000254],[124.84341569200001,6.5066737440000679],[124.8432856070001,6.5067120650000447],[124.84312905100012,6.5067038370000319],[124.84294562100001,6.506657247000021],[124.84283180400007,6.5066225300000724],[124.84271234100004,6.5066162510000254],[124.84255793800003,6.5066450800000553],[124.84240607100003,6.5067027940000344],[124.84190361000003,6.5069435390000763],[124.8417182930001,6.5070896710000738],[124.84151879500007,6.5072601350000241],[124.8414182140001,6.5073671680000302],[124.84197720000009,6.5080215650000355],[124.84219758100005,6.5082845420000695],[124.84272176600007,6.5088931460000481]]]},"properties":{"brgy_name":"Zone I (Pob.)","brgy_code":"126306016","city_name":"City of Koronadal","prov_name":"South Cotabato","psgc_10d":"1206306016"}},{"type":"Feature","geometry":{"type":"Polygon","coordinates":[[[124.85798454500002,6.4958311570000546],[124.85794275400008,6.4958667570000443],[124.85780900300006,6.4959813690000487],[124.85752193300004,6.4962321050000469],[124.85734646800006,6.4963887410000325],[124.85667306300002,6.4969754180000336],[124.85643895400005,6.4971811510000634],[124.85601318400006,6.4975533660000337],[124.85570270800008,6.4978262850000306],[124.85536710700001,6.4981205630000431],[124.85524592800004,6.4982267140000545],[124.8550165580001,6.4984246260000305],[124.85468354900001,6.4987117650000528],[124.85412662800002,6.4991788160000397],[124.85388255900011,6.4993818830000691],[124.85280862200011,6.5002761180000448],[124.85121823800011,6.4983981150000432],[124.85089875300002,6.4986566760000528],[124.85059739200005,6.4989005960000554],[124.85028794300001,6.4991511810000588],[124.84986203800008,6.4994972900000221],[124.84933798800012,6.4999162860000297],[124.84839844400005,6.5007003750000649],[124.84746170800008,6.5014814510000747],[124.8465388080001,6.5022657460000346],[124.8456259620001,6.5030522510000424],[124.84492447000002,6.5022281060000751],[124.8442751550001,6.5014355310000269],[124.84372710700006,6.500706105000063],[124.84365651300004,6.5006139420000295],[124.8436133780001,6.5005566890000637],[124.84351735700011,6.5004306660000566],[124.84369960900005,6.5002890520000278],[124.8437789410001,6.5002246680000439],[124.84385694100001,6.5001612680000562],[124.84394116800001,6.5000896570000464],[124.84397254100008,6.5000630680000313],[124.84419964100005,6.499868268000057],[124.84435274100008,6.4997477680000202],[124.84448000100008,6.4996412300000657],[124.84527891700009,6.4989309230000458],[124.84620298300001,6.4981509750000441],[124.84713957000008,6.4973638380000693],[124.84807685200008,6.4965494550000358],[124.84898746800002,6.4957923470000765],[124.84971999700008,6.4951598800000738],[124.84972013900006,6.4951597570000672],[124.85007437600007,6.4948545440000203],[124.85007452200011,6.4948544240000388],[124.85012631600011,6.4948140180000564],[124.85012646100006,6.4948138990000643],[124.85049142300011,6.4944999320000534],[124.85049156600007,6.4944998090000468],[124.85097236900003,6.4940866360000769],[124.85097251200011,6.4940865140000597],[124.85123619600006,6.4938653180000756],[124.85123634000001,6.493865195000069],[124.85186885900009,6.493318104000025],[124.85186900500003,6.4933179850000329],[124.85191405700004,6.4932833860000301],[124.85370482400003,6.4917478080000706],[124.85414494100007,6.4913863680000645],[124.85419044100001,6.4913477680000256],[124.85572757900002,6.4931491830000709],[124.8564714690001,6.4940606100000764],[124.85708364700008,6.494776732000048],[124.85798454500002,6.4958311570000546]]]},"properties":{"brgy_name":"Zone II (Pob.)","brgy_code":"126306017","city_name":"City of Koronadal","prov_name":"South Cotabato","psgc_10d":"1206306017"}},{"type":"Feature","geometry":{"type":"Polygon","coordinates":[[[124.85419044100001,6.4913477680000256],[124.85414494100007,6.4913863680000645],[124.85370482400003,6.4917478080000706],[124.85191405700004,6.4932833860000301],[124.85186900500003,6.4933179850000329],[124.85186885900009,6.493318104000025],[124.85123634000001,6.493865195000069],[124.85123619600006,6.4938653180000756],[124.85097251200011,6.4940865140000597],[124.85097236900003,6.4940866360000769],[124.85049156600007,6.4944998090000468],[124.85049142300011,6.4944999320000534],[124.85012646100006,6.4948138990000643],[124.85012631600011,6.4948140180000564],[124.85007452200011,6.4948544240000388],[124.85007437600007,6.4948545440000203],[124.84972013900006,6.4951597570000672],[124.84971999700008,6.4951598800000738],[124.84898746800002,6.4957923470000765],[124.84807685200008,6.4965494550000358],[124.84713957000008,6.4973638380000693],[124.84620298300001,6.4981509750000441],[124.84527891700009,6.4989309230000458],[124.84448000100008,6.4996412300000657],[124.84435274100008,6.4997477680000202],[124.84419964100005,6.499868268000057],[124.84397254100008,6.5000630680000313],[124.84394116800001,6.5000896570000464],[124.84385694100001,6.5001612680000562],[124.8437789410001,6.5002246680000439],[124.84369960900005,6.5002890520000278],[124.84351735700011,6.5004306660000566],[124.84336592400007,6.500273155000059],[124.84329222500003,6.5001762450000342],[124.84272854100004,6.4995079680000458],[124.84203892100004,6.4987052760000665],[124.83954445000006,6.4957481820000567],[124.83919968100008,6.4953429160000269],[124.83843851500001,6.4944302970000649],[124.83822838300011,6.4941836970000395],[124.83764632800012,6.4935000360000572],[124.83738789100005,6.4931979560000741],[124.83717284800002,6.492957327000056],[124.83663300800004,6.4923130660000652],[124.83677145100012,6.4921767310000291],[124.83681341500005,6.4921036830000389],[124.83683981000001,6.4920202940000422],[124.83683608900003,6.491934466000032],[124.83682139900009,6.491850075000059],[124.8367322580001,6.4916018690000215],[124.83662530600009,6.4913721560000681],[124.83656568900005,6.4912524140000301],[124.83652579300008,6.491132384000025],[124.83650264300002,6.4910523360000525],[124.8364924660001,6.4909277260000522],[124.83649925500004,6.4905175740000232],[124.83650792000003,6.4901771580000513],[124.83651072200007,6.4900885500000527],[124.83654121000006,6.4891596070000332],[124.83656413200003,6.4889999170000578],[124.83657852500005,6.4889294560000508],[124.83658453900011,6.4889021910000224],[124.83661108400008,6.4888196410000205],[124.83666845400012,6.4887127810000607],[124.83673030200009,6.4886323640000683],[124.83682507900005,6.4885494510000399],[124.83740082500003,6.4881132700000421],[124.83935660900011,6.4888803180000423],[124.83941774200002,6.4888845720000745],[124.83946452600003,6.4889399360000652],[124.83954659000005,6.488991153000029],[124.83960797000009,6.488991153000029],[124.83965997900009,6.4890210800000432],[124.83968910500005,6.4891024960000436],[124.83974905100001,6.4891797460000475],[124.83982757900003,6.4892053630000532],[124.83988833600006,6.4892526800000496],[124.83996304800007,6.4892567950000739],[124.84003363200009,6.4892436250000287],[124.84010431600007,6.4892218090000711],[124.84017922300006,6.4892172680000613],[124.84022732900007,6.4892603900000267],[124.84026225800005,6.4893079810000245],[124.84032849700009,6.4893121530000712],[124.84038607500008,6.4892903040000647],[124.84043468400012,6.4892945160000295],[124.84053617100005,6.4894248670000252],[124.84061160300007,6.489499085000034],[124.84064719500009,6.4895517240000231],[124.84067839800002,6.4896000710000408],[124.84075869300011,6.4896219980000751],[124.84089456300001,6.4898273640000639],[124.84102876100008,6.4899852900000496],[124.84109360900004,6.4900738090000232],[124.84247384100001,6.4888974680000615],[124.84265004800011,6.4887915240000211],[124.84269706400005,6.4887792880000461],[124.84274558600009,6.4887717410000505],[124.84280976000002,6.4887744190000376],[124.84288683700004,6.4887834540000426],[124.84295770300002,6.4888024770000357],[124.84300199400002,6.488819521000039],[124.84304360100009,6.4888347450000765],[124.84312422100004,6.4888785430000553],[124.84324474100003,6.4889718330000505],[124.84335842300004,6.4890920990000609],[124.84369943400009,6.4895097360000591],[124.84396392600001,6.4898206840000512],[124.84440740500008,6.490342035000026],[124.84456131000002,6.4905272730000547],[124.84520482300002,6.4913018300000545],[124.84556097500001,6.4909986340000501],[124.84556111900008,6.4909985120000329],[124.84572577600011,6.4908584420000466],[124.84572592000006,6.4908583200000294],[124.84593760900009,6.4906781550000687],[124.84593775400003,6.490678034000041],[124.84628488400006,6.4903958530000523],[124.8463815660001,6.4903086360000657],[124.84638170800008,6.4903085130000591],[124.84686468300004,6.4899069640000562],[124.84686482800009,6.4899068430000284],[124.84706765400006,6.4897379470000374],[124.84706779900011,6.4897378260000664],[124.84738674500011,6.4894708810000452],[124.84738689000005,6.4894707600000743],[124.8480952110001,6.4888756890000536],[124.84809535600004,6.4888755680000259],[124.84843156300008,6.4885929710000596],[124.84872090100009,6.4883499230000439],[124.84916111600012,6.4879800440000395],[124.84968999700004,6.4875343860000498],[124.85001744900001,6.4872462990000486],[124.85041363900007,6.4868945270000609],[124.85096026100007,6.4864370330000725],[124.85141307900005,6.4860527720000505],[124.85183454100002,6.4856957150000767],[124.85211116900007,6.4854339280000204],[124.85220676900008,6.4853439370000387],[124.85229732000005,6.4852406630000701],[124.8523869820001,6.4851774520000731],[124.85245827500012,6.485140010000066],[124.85251879500004,6.4851053480000473],[124.85255567200011,6.485068449000039],[124.85289585800001,6.4847386390000565],[124.85332128700009,6.4843858000000409],[124.85356654700001,6.4841695920000575],[124.85431050800003,6.4835487260000377],[124.85514716300008,6.4828458400000386],[124.85569086900011,6.4823814040000229],[124.85598208400006,6.4821327270000211],[124.85678844300003,6.4814581360000716],[124.85708823500011,6.4812070330000324],[124.8575253780001,6.4808389830000692],[124.85775080100007,6.4806495830000586],[124.85847451900008,6.4800219930000367],[124.85904003700011,6.4795285020000506],[124.85984428600011,6.4788254510000343],[124.86064554800009,6.478150873000061],[124.86144740700001,6.4774436700000706],[124.86189663300001,6.4770536560000664],[124.86304707500005,6.4760816570000657],[124.8634563060001,6.4757410550000714],[124.86390965900011,6.4753528600000436],[124.86474777400008,6.47463472000004],[124.86480273000006,6.4745876160000648],[124.86593423300008,6.4736433930000317],[124.86768592900012,6.4721341450000409],[124.86848470400002,6.4714234110000461],[124.8695824130001,6.4705186090000666],[124.87075404500001,6.4719585270000266],[124.87332972600007,6.4750523940000448],[124.87219197400009,6.4760196160000305],[124.87168362600005,6.4764517710000291],[124.87036084500005,6.4775762880000229],[124.87012771200011,6.4777744790000611],[124.86929991400007,6.4784782030000656],[124.86846884700003,6.47918469800004],[124.86828698800002,6.4793393080000214],[124.86794089700004,6.4796334650000631],[124.86701342200001,6.4804217510000512],[124.86671046300012,6.4806793770000581],[124.86593179100009,6.4813415560000749],[124.86518019000005,6.4819804300000214],[124.86503448600001,6.4821043120000468],[124.86487002100012,6.4822444530000212],[124.86384562300009,6.4831172430000379],[124.86290831600002,6.4839160290000564],[124.86218589700002,6.4845317890000729],[124.86204619500006,6.4846505380000394],[124.86162993100004,6.4850053380000645],[124.86116101800008,6.4854005500000653],[124.86113543400006,6.4854266890000645],[124.86071328600008,6.4857864600000426],[124.86048680600004,6.4859785990000205],[124.85989195200011,6.4864834530000621],[124.85897808400011,6.4872590810000474],[124.85878067800002,6.4874265950000449],[124.85738383900002,6.4886312360000602],[124.85708247900004,6.48889078600007],[124.85670992300004,6.4891999530000248],[124.8556971050001,6.4900625100000298],[124.85548869400009,6.4902399160000641],[124.85508419000007,6.4905845250000311],[124.85481770300009,6.4908132680000676],[124.85419044100001,6.4913477680000256]]]},"properties":{"brgy_name":"Zone III (Pob.)","brgy_code":"126306018","city_name":"City of Koronadal","prov_name":"South Cotabato","psgc_10d":"1206306018"}},{"type":"Feature","geometry":{"type":"Polygon","coordinates":[[[124.83612422100009,6.5067508190000467],[124.83595098300009,6.5068959320000204],[124.83550720900007,6.5072723450000467],[124.83503314100005,6.5076751680000484],[124.83459688700009,6.5080526090000603],[124.83081059100004,6.5035952130000396],[124.8307335720001,6.5036615740000343],[124.82893131800006,6.5014295130000619],[124.8272136280001,6.4992226630000687],[124.82754598000008,6.4981491190000611],[124.82868313800009,6.497138312000061],[124.82959918300003,6.4964433820000522],[124.82934648100002,6.4960011540000551],[124.83029235800007,6.4947668920000297],[124.83136049100005,6.4921228830000359],[124.83200194900007,6.4895056220000242],[124.83200731700003,6.4895218360000513],[124.83207486900005,6.489581974000032],[124.83216536600003,6.4896391170000243],[124.83230326100011,6.489681934000032],[124.83238566600005,6.4896977810000749],[124.83249856000009,6.489706409000064],[124.83326283700001,6.4897258150000425],[124.83344698800011,6.4897381170000585],[124.83359580500007,6.4897496940000678],[124.83374391200005,6.4897681580000608],[124.83389953500011,6.4898064580000323],[124.83408667700007,6.4898642470000709],[124.83422645200005,6.4899148030000333],[124.83438123600001,6.4899904550000542],[124.83454262500004,6.4900850340000602],[124.83463856900005,6.4901438760000474],[124.8347699310001,6.490244955000037],[124.83493940200003,6.490395104000072],[124.83515970600001,6.4905992710000646],[124.83663300800004,6.4923130660000652],[124.83717284800002,6.492957327000056],[124.83738789100005,6.4931979560000741],[124.83764632800012,6.4935000360000572],[124.83822838300011,6.4941836970000395],[124.83843851500001,6.4944302970000649],[124.83919968100008,6.4953429160000269],[124.83954445000006,6.4957481820000567],[124.84203892100004,6.4987052760000665],[124.84272854100004,6.4995079680000458],[124.84329222500003,6.5001762450000342],[124.84336592400007,6.500273155000059],[124.84351735700011,6.5004306660000566],[124.84334742100009,6.50057664600007],[124.84316694100005,6.5007414680000579],[124.84256404700011,6.5012346890000572],[124.84165636600005,6.5020166080000763],[124.84073792400011,6.5028091650000306],[124.83979101800003,6.50362711300005],[124.83887066300008,6.5043983080000203],[124.83795704700003,6.5051835670000742],[124.83756226100002,6.5055233310000631],[124.8366189410001,6.5063360680000528],[124.83612422100009,6.5067508190000467]]]},"properties":{"brgy_name":"Zone IV (Pob.)","brgy_code":"126306019","city_name":"City of Koronadal","prov_name":"South Cotabato","psgc_10d":"1206306019"}},{"type":"Feature","geometry":{"type":"Polygon","coordinates":[[[124.97040743500008,6.5012968530000421],[124.96702258400012,6.501791593000064],[124.94478002100004,6.5002532020000672],[124.94029268300005,6.4972320600000444],[124.94018067500008,6.4968848360000493],[124.93997346100002,6.4966384190000213],[124.93988385500006,6.4972432600000616],[124.93857896500003,6.4981337220000341],[124.93564996300006,6.5001778620000437],[124.93342661000008,6.5017515710000566],[124.93280496800003,6.5021435980000319],[124.93127606200005,6.503179669000076],[124.93029599500005,6.5038797170000748],[124.92843106700002,6.5052966150000202],[124.92234959100006,6.5094159570000443],[124.92107131700004,6.5077544630000261],[124.92013659100007,6.5064401970000745],[124.91996511600007,6.5061951210000757],[124.91923209200002,6.5051089120000256],[124.91665318000003,6.5012905230000229],[124.91460071200004,6.4983584260000384],[124.91273921400011,6.4957000590000575],[124.91158865000011,6.4939736090000224],[124.9105676910001,6.492545878000044],[124.9099625130001,6.4916636430000381],[124.90896564400009,6.4902467460000253],[124.90860291500007,6.4896981340000366],[124.91500846000008,6.4849375800000644],[124.91737330000001,6.4832493900000259],[124.91678249900008,6.4824242910000294],[124.91636375300004,6.4817845630000761],[124.91608525100003,6.4813658180000289],[124.91465715200002,6.4793412790000389],[124.91350926100006,6.4777770360000204],[124.91371746000004,6.4775875710000719],[124.91421320100005,6.4771143630000552],[124.91444980500012,6.4769340940000575],[124.91469767500007,6.476742558000069],[124.9149906130001,6.4764834200000223],[124.91563282300001,6.4758299440000542],[124.9160046290001,6.4755370060000246],[124.9165116370001,6.4753454690000467],[124.91693977700004,6.4753004020000731],[124.91732284900002,6.4753905370000666],[124.91759325300006,6.475446871000031],[124.91789745800008,6.4755595390000735],[124.91815659500003,6.4756158740000274],[124.91853966800011,6.4756158740000274],[124.91871993700011,6.4754694050000694],[124.91895654100006,6.4752778680000347],[124.91915934400004,6.4750863320000462],[124.91946104500005,6.4747412330000316],[124.91965258100004,6.4746736320000764],[124.91981031700004,6.4745046290000232],[124.92003748100001,6.4743849330000671],[124.92078539000011,6.4741522210000539],[124.92114240300009,6.4740513260000512],[124.9219185180001,6.4739814760000627],[124.92243075400006,6.4738728190000643],[124.92280328900006,6.4739038640000217],[124.92318358500006,6.474043565000045],[124.92357940400007,6.4740513260000512],[124.92409940100003,6.4739892370000689],[124.92457283100009,6.4738495360000456],[124.92499193300011,6.4736865520000606],[124.92561282500003,6.4736399850000339],[124.92586894300007,6.473702074000073],[124.92609401600009,6.4737408800000367],[124.92671490800001,6.4735080450000737],[124.92741341100009,6.4733373000000256],[124.92777818500008,6.4731355100000201],[124.9281972870001,6.4729570040000226],[124.92854653900008,6.4728871540000341],[124.92889579100006,6.4728405870000643],[124.92936922100012,6.4728017810000438],[124.92950892100009,6.4727707360000295],[124.93030832000011,6.4724602900000718],[124.93073518300002,6.4722429780000539],[124.93098354000006,6.472048950000044],[124.93120085200007,6.4718393990000322],[124.93191487700005,6.4717850710000562],[124.93251248600006,6.4721110390000263],[124.93386292600007,6.4725146180000479],[124.93431307200001,6.4725301410000498],[124.93480845100009,6.4724500610000746],[124.9352288880001,6.4723593960000585],[124.9354306780001,6.4721731280000654],[124.93555485600007,6.4718626820000509],[124.93582649600012,6.4716298480000205],[124.93626888200004,6.4715677580000488],[124.93656380500011,6.4716453700000329],[124.93688977400006,6.4718471600000385],[124.93702947400004,6.4720955160000244],[124.93713813000011,6.4723982010000327],[124.93768917200009,6.4725068570000417],[124.93819364700005,6.4724602900000718],[124.93860498700008,6.4723671570000647],[124.93900856700009,6.4722507390000601],[124.93932677400005,6.4722973060000299],[124.93983124900001,6.4721343220000449],[124.94034348500008,6.4721188000000325],[124.94083243700004,6.472320590000038],[124.94153870200012,6.4727629750000233],[124.94271839600003,6.4729492430000732],[124.94350227200005,6.4727862590000314],[124.94396018000009,6.472592230000032],[124.94458883300001,6.472157606000053],[124.94482166700004,6.4720799940000688],[124.94520196400003,6.472048950000044],[124.9456909160001,6.4719402930000456],[124.94628076300012,6.4715211910000221],[124.94660673200008,6.4712728350000361],[124.94696374400007,6.4711719400000334],[124.94732075700006,6.4711020890000555],[124.94768553100005,6.470923583000058],[124.94803478300003,6.4709158220000518],[124.94844612400004,6.4709391050000704],[124.94882642000005,6.4710244780000608],[124.94916014900002,6.4709701500000278],[124.94965686300009,6.4707683600000223],[124.95007596500011,6.4706441820000578],[124.95051058900003,6.4706674650000764],[124.95075118500006,6.4707683600000223],[124.95108491400003,6.4709080610000456],[124.9514012520001,6.4711020350000581],[124.95182576900004,6.4711973350000562],[124.95225028600009,6.4712319890000458],[124.95256729400012,6.4711176120000573],[124.95308729100009,6.4711874620000458],[124.95337445300004,6.4711020890000555],[124.95365385400009,6.4711797010000396],[124.95388668900011,6.4712883570000486],[124.95436788000006,6.4712961180000548],[124.95484131000001,6.4713349240000753],[124.95535354600008,6.471466863000046],[124.95565623100003,6.4716143250000755],[124.95580369300001,6.4716996980000658],[124.95612190000008,6.4718005930000686],[124.95618398900001,6.4720722330000626],[124.95619951100002,6.4722352170000477],[124.95605204900005,6.4723593960000585],[124.95602100500003,6.4726155130000507],[124.95612966100009,6.4727629750000233],[124.95629264500008,6.4728017810000438],[124.95641682300004,6.4727784980000251],[124.95677383600002,6.4727707360000295],[124.9568980140001,6.4727784980000251],[124.97040743500008,6.5012968530000421]]]},"properties":{"brgy_name":"Zulueta (Bo. 7)","brgy_code":"126306027","city_name":"City of Koronadal","prov_name":"South Cotabato","psgc_10d":"1206306027"}}]}